internalTaxonId,scientificName,name,language,main
43994,Cladonia perforata,Florida Perforate Reindeer Lichen,English,false
43994,Cladonia perforata,Perforate Reindeer Lichen,English,false
43995,Erioderma pedicellatum,Trøndelav,Norwegian,false
43995,Erioderma pedicellatum,Värmlandslav,Swedish,false
43995,Erioderma pedicellatum,Boreal Felt Lichen,English,true
58515314,Sarcosoma globosum,Charred-Pancake Cup,English,false
58515314,Sarcosoma globosum,Bombmurkla,Swedish,false
58515314,Sarcosoma globosum,mäsovec guľatý,Slovak,false
58515314,Sarcosoma globosum,Toverīšu sarkosoma,Latvian,false
58515314,Sarcosoma globosum,саркосома шаровидная,Russian,false
58515314,Sarcosoma globosum,Witches Cauldron,English,true
58517895,Cyttaria exigua,Digueñe,Spanish; Castilian,true
58521132,Amylocystis lapponica,Lapporesvamp,Danish,false
58521132,Amylocystis lapponica,Lappticka,Swedish,false
58521132,Amylocystis lapponica,Poropoorik,Estonian,false
58521132,Amylocystis lapponica,Późnoporka czerwieniejąca,Polish,false
58521132,Amylocystis lapponica,Pursukääpä,Finnish,false
58521132,Amylocystis lapponica,Tvarožník laponský,Slovak,false
58521132,Amylocystis lapponica,Braunfleckender Saftporling,German,true
58521185,Boletopsis grisea,Furugråkjuke,Norwegian,false
58521185,Boletopsis grisea,Grå Troldporesvamp,Danish,false
58521185,Boletopsis grisea,Grauer Rußporling,German,false
58521185,Boletopsis grisea,Hall hundiseenik,Estonian,false
58521185,Boletopsis grisea,Hrbolatka hnědá,Czech,false
58521185,Boletopsis grisea,Hrboľnačka sivá,Slovak,false
58521185,Boletopsis grisea,Kurokawa,Japanese,false
58521185,Boletopsis grisea,Sudenkääpä,Finnish,false
58521185,Boletopsis grisea,Szaraczek sosnowy,Polish,false
58521185,Boletopsis grisea,Tallgråticka,Swedish,false
58521185,Boletopsis grisea,Grey Falsebolete,English,true
58521209,Hapalopilus croceus,Hlinovec Šafránový,Slovak,false
58521209,Hapalopilus croceus,Košā Zeltpore,Latvian,false
58521209,Hapalopilus croceus,Krokinis Minkštenis,Lithuanian,false
58521209,Hapalopilus croceus,Krookustorik,Estonian,false
58521209,Hapalopilus croceus,Miękusz Szafranowy,Polish,false
58521209,Hapalopilus croceus,Prachthoutzwam,Dutch; Flemish,false
58521209,Hapalopilus croceus,Saffransticka,Swedish,false
58521209,Hapalopilus croceus,Šafranasta Mekoporka,Croatian,false
58521209,Hapalopilus croceus,Safran-fedtporesvamp,Danish,false
58521209,Hapalopilus croceus,Safrangelber Weichporling,German,false
58521209,Hapalopilus croceus,Safrankjuke,Norwegian,false
58521209,Hapalopilus croceus,Sahramikääpä,Finnish,false
58521209,Hapalopilus croceus,Orange Polypore,English,true
58521336,Tulostoma niveum,White Stalkball,English,false
58521336,Tulostoma niveum,Hvit Styltesopp,Norwegian,false
58521336,Tulostoma niveum,Sammaljalkakuukunen,Finnish,false
58521336,Tulostoma niveum,Tulostome Blanc de Neige,French,false
58521336,Tulostoma niveum,Vit Stjälkröksvamp,Swedish,false
58521336,Tulostoma niveum,Weisser Stielbovist,German,false
58521336,Tulostoma niveum,White Stalk Puffball,English,true
63579691,Gastrosporium simplex,Kulička Kořínkatá,Czech,false
63579691,Gastrosporium simplex,Prašnačka Kopienkatá,Slovak,false
63579691,Gastrosporium simplex,Stäpptryffel,Swedish,false
63579691,Gastrosporium simplex,Wnętrzniaczek Podziemny,Polish,false
63579691,Gastrosporium simplex,Steppentrüffel,German,true
70385861,Buellia asterella,Sternchen-Buellie,German,false
70385861,Buellia asterella,Starry Breck Lichen,English,true
70386009,Cetradonia linearis,Rock Gnome Lichen,English,true
70401627,Hericium erinaceus,Igelkottstaggsvamp,Swedish,false
70401627,Hericium erinaceus,Korálovec ježatý,Czech,false
70401627,Hericium erinaceus,Koralovec ježovitý,Slovak,false
70401627,Hericium erinaceus,Piggsvinsopp,Norwegian,false
70401627,Hericium erinaceus,Pruikzwam,Dutch; Flemish,false
70401627,Hericium erinaceus,Soplówka jeżowata,Polish,false
70401627,Hericium erinaceus,Yamabusi-take,Japanese,false
70401627,Hericium erinaceus,Дабова ежовка,Macedonian,false
70401627,Hericium erinaceus,Bearded Tooth,English,true
70401892,Pseudotricholoma metapodium,Grå Narremusserong,Norwegian,false
70401892,Pseudotricholoma metapodium,Rødmende Alfehat,Danish,false
70401892,Pseudotricholoma metapodium,Schwärzender Wiesenritterling,German,false
70401892,Pseudotricholoma metapodium,Svartnande Narrmusseron,Swedish,false
70401892,Pseudotricholoma metapodium,Tuhruvalhakka,Finnish,false
70401892,Pseudotricholoma metapodium,Mealy Meadowcap,English,true
70402359,Rhodotus palmatus,Ådermussling,Swedish,false
70402359,Rhodotus palmatus,Červenáčik obyčajný,Slovak,false
70402359,Rhodotus palmatus,Ferskenhat,Danish,false
70402359,Rhodotus palmatus,Ferskenpote,Norwegian,false
70402359,Rhodotus palmatus,Gyslotoji kremzliabudė,Lithuanian,false
70402359,Rhodotus palmatus,Hlívovec ostnovýtrusý,Czech,false
70402359,Rhodotus palmatus,Orangerötlicher Adernseitling,German,false
70402359,Rhodotus palmatus,Roosa võrkheinik,Estonian,false
70402359,Rhodotus palmatus,Zalmzwam,Dutch; Flemish,false
70402359,Rhodotus palmatus,Żyłkowiec różowawy,Polish,false
70402359,Rhodotus palmatus,Wrinkled Peach,English,true
70402507,Rubroboletus dupainii,Blutroter Purpurröhrling,German,false
70402507,Rubroboletus dupainii,Bolet de Dupain,French,false
70402507,Rubroboletus dupainii,Hríb Dupainov,Slovak,false
70402507,Rubroboletus dupainii,Дупенов вргањ,Macedonian,false
70402507,Rubroboletus dupainii,сјајно-црвен вргањ,Macedonian,false
70402507,Rubroboletus dupainii,Dupain’s Bolete,English,true
70402563,Clavaria zollingeri,Amethystfarbene Wiesenkoralle,German,false
70402563,Clavaria zollingeri,Amethystfarbiges Keulchen,German,false
70402563,Clavaria zollingeri,Ametistknotszwam,Dutch; Flemish,false
70402563,Clavaria zollingeri,Clavaire de Zollinger,French,false
70402563,Clavaria zollingeri,Fiolett Greinkøllesopp,Norwegian,false
70402563,Clavaria zollingeri,Goździeniec fioletowy,Polish,false
70402563,Clavaria zollingeri,Kyjačik zollingerov,Slovak,false
70402563,Clavaria zollingeri,Kyjanka zollingerova,Czech,false
70402563,Clavaria zollingeri,Lavandas Vālene,German,false
70402563,Clavaria zollingeri,Lilla Tõlvik,Estonian,false
70402563,Clavaria zollingeri,Purpur-køllesvamp,Danish,false
70402563,Clavaria zollingeri,Violett Fingersvamp,Swedish,false
70402563,Clavaria zollingeri,Violettihaarakas,Finnish,false
70402563,Clavaria zollingeri,Zollingers Korallenpilz,German,false
70402563,Clavaria zollingeri,Violet Coral,English,true
70406652,Hygrocybe citrinovirens,Grøngul Vokshat,Danish,false
70406652,Hygrocybe citrinovirens,Limettivahakas,Finnish,false
70406652,Hygrocybe citrinovirens,Účnica Citrónovožltá,Slovak,false
70406652,Hygrocybe citrinovirens,Citrine Waxcap,English,true
70406908,Squamanita schreieri,Parazitnica Schreierova,Slovak,false
70406908,Squamanita schreieri,Gelber Schuppenwulstling,German,true
70408373,Hydnellum compactum,Derber Korkstacheling,German,false
70408373,Hydnellum compactum,kompakt taggsvamp,Swedish,false
70408373,Hydnellum compactum,Scherpe stekelzwam,Dutch; Flemish,false
70408373,Hydnellum compactum,myk brunpigg,Norwegian,true
70408415,Hydnellum mirabile,Raggtaggsvamp,Swedish,true
70417370,Entoloma excentricum,Ekstsentriline Punalehik,Estonian,false
70417370,Entoloma excentricum,Entolome Excentré,French,false
70417370,Entoloma excentricum,Excentrisk Rødblad,Danish,false
70417370,Entoloma excentricum,Exzentrischer Rötling,German,false
70417370,Entoloma excentricum,Kalkrödling,Swedish,false
70417370,Entoloma excentricum,Karstrødspore,Norwegian,false
70417370,Entoloma excentricum,Marmorierter Rötling,German,false
70417370,Entoloma excentricum,Nesomerna Rdečelistka,Slovenian,false
70417370,Entoloma excentricum,Vaalhoedsatijnzwam,Dutch; Flemish,false
70417370,Entoloma excentricum,Excentric Pinkgill,English,true
70425822,Cortinarius odoratus,Pavučinec sladkovonný,Czech,false
70425822,Cortinarius odoratus,Паутинник душистый,Russian,false
70425822,Cortinarius odoratus,Wohlriechender Klumpfuß,German,true
70427476,Ramaria roellinii,Stäppfingersvamp,Dutch; Flemish,true
71542819,Cortinarius suaveolens,Lilla jordbærslørsopp,Norwegian,false
71542819,Cortinarius suaveolens,Sötdoftande spindling,Swedish,false
71542819,Cortinarius suaveolens,Duftender Klumpfuß,German,true
71568344,Geastrum hungaricum,Arechino-hime-tsuchiguri,Japanese,false
71568344,Geastrum hungaricum,Gwiazdosz węgierski,Polish,false
71568344,Geastrum hungaricum,Hvězdovka Uherská,Czech,false
71568344,Geastrum hungaricum,Ungarischer Erdstern,German,true
71595761,Hygrocybe ingrata,Blozende wasplaat,Dutch; Flemish,false
71595761,Hygrocybe ingrata,Hygrophore à odeur désagréable,French,false
71595761,Hygrocybe ingrata,Jensens Vokshat,Danish,false
71595761,Hygrocybe ingrata,Kainovahakas,Finnish,false
71595761,Hygrocybe ingrata,Lúčnica Červenejúca,Slovak,false
71595761,Hygrocybe ingrata,Rodnande Lutvaxskivling,Swedish,false
71595761,Hygrocybe ingrata,Rødnende Lutvokssopp,Norwegian,false
71595761,Hygrocybe ingrata,Rötender Nitratsaftling,German,false
71595761,Hygrocybe ingrata,Rötender Nitrat-Saftling,Swiss German; Alemannic,false
71595761,Hygrocybe ingrata,Voskovka Červenajíci,Czech,false
71595761,Hygrocybe ingrata,Dingy Waxcap,English,true
71598360,Lenzitopsis oxycedri,Фоина дупчарка,Macedonian,true
71598929,Leptogium rivulare,Лептогиум речной,Russian,false
71598929,Leptogium rivulare,Flooded Jellyskin Lichen,English,true
71605769,Lethariella togashii,ナヨナヨサガリゴケ,Japanese,false
71605769,Lethariella togashii,Летариела Тогаши,Russian,false
71605769,Lethariella togashii,Nayonayosagari-goke,Japanese,true
71622372,Santessoniella crossophylla,Old Gray Crosslobes,English,true
75097245,Armillaria ectypa,Kärrhonungsskivling,Swedish,false
75097245,Armillaria ectypa,Moor-Hallimasch,German,false
75097245,Armillaria ectypa,Opieńka Torfowiskowa,Polish,false
75097245,Armillaria ectypa,Purvu Celmene,Latvian,false
75097245,Armillaria ectypa,Ringløs Honningsvamp,Danish,false
75097245,Armillaria ectypa,Опёнок чеканный,Russian,false
75097245,Armillaria ectypa,Marsh Honey Fungus,English,true
75099337,Butyriboletus loyo,Loyo,Spanish; Castilian,true
75104087,Fomitopsis officinalis,Apothekerschwamm,German,false
75104087,Fomitopsis officinalis,Bitterer Lärchen-Baumschwamm,German,false
75104087,Fomitopsis officinalis,Larikszwam,Dutch; Flemish,false
75104087,Fomitopsis officinalis,Modrzewnik lekarski,Polish,false
75104087,Fomitopsis officinalis,Pniarek lekarski,Polish,false
75104087,Fomitopsis officinalis,Práchnovček lekársky,Slovak,false
75104087,Fomitopsis officinalis,Verpáník lékařský,Czech,false
75104087,Fomitopsis officinalis,Eburiko,Japanese,true
75117065,Lepiota brunneolilacea,Sand-Schirmling,German,false
75117065,Lepiota brunneolilacea,Zandparasolzwam,Dutch; Flemish,false
75117065,Lepiota brunneolilacea,Star Dapperling,English,true
75118539,Phylloporus pelletieri,Europäischer Blätterröhrling,German,false
75118539,Phylloporus pelletieri,Europäisches Goldblatt,German,false
75118539,Phylloporus pelletieri,Goudplaatzwam,Dutch; Flemish,false
75118539,Phylloporus pelletieri,Lupeňopórovec Hnedožltý,Slovak,false
75118539,Phylloporus pelletieri,Poroblaszek Żółtoczerwony,Polish,false
75118539,Phylloporus pelletieri,"црвено-жолта листичарка, златолисен вргањ",Macedonian,false
75118539,Phylloporus pelletieri,Golden Gilled Bolete,English,true
75118940,Gyromitra korshinskii,Rundsporige Lorchel,German,false
75118940,Gyromitra korshinskii,Ucháčovec šumavský,Czech,false
75118940,Gyromitra korshinskii,Ušiakovka Okrúhlovýtrusná,Slovak,false
75118940,Gyromitra korshinskii,Строчевик круглоспоровый,Russian,false
75118940,Gyromitra korshinskii,Round-spored False Morel,English,true
75123278,Rubinoboletus rubinus,Hřib Rubínový,Czech,false
75123278,Rubinoboletus rubinus,Kurzsporiger Röhrling,German,false
75123278,Rubinoboletus rubinus,Rubínovec Obyčajný,Slovak,false
75123278,Rubinoboletus rubinus,Rubinski Ljepljivac,Croatian,false
75123278,Rubinoboletus rubinus,Рубиноболет рубиновый,Russian,true
75124333,Sarcodon joeides,Jelenkovec Fialovomäsový,Slovak,false
75124333,Sarcodon joeides,Lilafärbender Braunsporstacheling,German,false
75124333,Sarcodon joeides,Lundtaggsvamp,Swedish,false
75124333,Sarcodon joeides,Rosa Storpigg,Norwegian,false
75124333,Sarcodon joeides,Sarniak Fiołkowy,Polish,false
75124333,Sarcodon joeides,Violettfleischiger Buchen-Braunsporstacheling,German,false
75124333,Sarcodon joeides,Avondroodstekelzwam,Dutch; Flemish,true
75124883,Sarcodon leucopus,Braunsporstacheling,Swiss German; Alemannic,false
75124883,Sarcodon leucopus,Glatter Braunsporstacheling,German,false
75124883,Sarcodon leucopus,Glatt Storpigg,Norwegian,false
75124883,Sarcodon leucopus,Jelenkovec Hladký,Slovak,false
75124883,Sarcodon leucopus,Lošák Hladký,Czech,false
75124883,Sarcodon leucopus,Name-shishi-take,Japanese,false
75124883,Sarcodon leucopus,Plompe Stekelzwamp,Dutch; Flemish,false
75124883,Sarcodon leucopus,Weisstieliger,German,false
75124883,Sarcodon leucopus,Widerlicher Stacheling,German,false
75124883,Sarcodon leucopus,Белоногo ежe,Macedonian,false
75124883,Sarcodon leucopus,Slät Taggsvamp,Swedish,true
75720773,Claustula fischeri,Bunyip Egg,English,false
75720773,Claustula fischeri,Fischer's Egg,English,true
76170958,Hydnellum gracilipes,skyggebrunpigg ,Norwegian,false
76170958,Hydnellum gracilipes,Smalfotad taggsvamp,Swedish,true
76196246,Cortinarius cupreorufus,kopperrød slørsopp,Norwegian,false
76196246,Cortinarius cupreorufus,kopparpindling,Swedish,true
76196620,Cortinarius osloensis,osloslørsopp,Norwegian,true
76214469,Hygrocybe spadicea,Bräunlichschwarzer Saftling,German,false
76214469,Hygrocybe spadicea,Daelvaxskivling,Swedish,false
76214469,Hygrocybe spadicea,Melnbrūnā Stiklene,Latvian,false
76214469,Hygrocybe spadicea,Sitronskivevokssopp,Norwegian,false
76214469,Hygrocybe spadicea,Tõmmu vesinutt,Estonian,false
76214469,Hygrocybe spadicea,Voskovka Osmahlá,Czech,false
76214469,Hygrocybe spadicea,Žuto-smeđa Vlažnica,Croatian,false
76214469,Hygrocybe spadicea,Date Waxcap,English,true
76265852,Tricholoma acerbum,räffelmusseron,Swedish,false
76265852,Tricholoma acerbum,Горчлива витезовка,Macedonian,false
76265852,Tricholoma acerbum,Остра витезовка,Macedonian,false
76265852,Tricholoma acerbum,bittermusseron,Swedish,true
76266962,Tricholoma borgsjoeënse,dystermusseron,Norwegian,false
76266962,Tricholoma borgsjoeënse,borgsjömusseron,Swedish,true
79515478,Tricholoma apium,lakritsmusseron,Swedish,false
79515478,Tricholoma apium,Целерова витезовка,Macedonian,false
79515478,Tricholoma apium,lakrismusserong,Norwegian,true
80702807,Arthonia cupressina,Golden Spruce Dots,English,true
80702824,Arthopyrenia betulicola,Old Birch Spots,English,true
80702844,Buellia sharpiana,Evelyn's Buttons,English,true
80702901,Graphis sterlingiana,Sterling Lips,English,true
80702927,Lepraria lanata,Appalachian Dust Bunnies,English,true
80703002,Phaeographis oricola,Carolina Beach Dots,English,true
80703017,Phaeophyscia leana,Lea's Bog Lichen,English,true
80703034,Physconia subpallida,Pale-belly Frost Lichen,English,true
80703047,Pilophorus fibula,Appalachian Matchsticks,English,true
80703073,Rinodina chrysomelaena,Muhlenberg’s Smile,English,true
80703106,Sulcaria spiralifera,Dune Hair Lichen,English,true
80703121,Thelomma carolinianum,Carolina Fence Dots,English,false
80703121,Thelomma carolinianum,Carolina Thelomma Lichen,English,true
95383179,Amanita morrisii,Amanite de Morris,French,false
95383179,Amanita morrisii,Amanite des pinèdes,French,false
95383179,Amanita morrisii,Morris' Amanita,English,true
95383221,Amanita ristichii,Ristich's Caesar,English,false
95383221,Amanita ristichii,Amanite de Ristich,French,false
95383221,Amanita ristichii,Ristich's Little Caesar,English,true
95383287,Amanita sp. nov. 'zayantensis',Sandhill Amanita,English,true
95384485,Haploporus odorus,Aniseed Polypore,English,false
95384485,Haploporus odorus,Doftticka,Swedish,false
95384485,Haploporus odorus,Nordlig aniskjuke,Norwegian,false
95384485,Haploporus odorus,Diamond Willow Fungus,English,true
95384499,Hydnellum cyanopodium,Bleeding Blue Tooth,English,true
95384528,Lepiota luteophylla,Yellow-gilled Lepiota,English,true
95384539,Limacella solidipes,Ringed Limacella,English,false
95384539,Limacella solidipes,Limacelle à pied ferme,French,false
95384539,Limacella solidipes,Peck's Vanguard Limacella,English,true
95836378,Acantholichen galapagoensis,Galapagos Spiny Gladiator Lichen,English,true
97459969,Ramalina fragilis,Ramalina Frágil,Spanish; Castilian,false
97459969,Ramalina fragilis,Fragile Ramalina,English,true
113197460,Trichoglossum walteri,Knubbig Hårjordtunga,Swedish,false
113197460,Trichoglossum walteri,Middelsporige Ruige Aardtong,Dutch; Flemish,false
113197460,Trichoglossum walteri,Raspikieli,Finnish,false
113197460,Trichoglossum walteri,Vranglodnetunge,Norwegian,false
113197460,Trichoglossum walteri,Walters Haarzunge,German,false
113197460,Trichoglossum walteri,Short-spored Earthtongue,English,true
122090207,Agaricus arvensis,Snöbollschampinjon,Swedish,false
122090207,Agaricus arvensis,Horse Mushroom,English,true
122090210,Agaricus bitorquis,Vägchampinjon,Swedish,false
122090210,Agaricus bitorquis,Pavement Mushroom,English,true
122090215,Agaricus campestris,Meadow Mushroom,English,false
122090215,Agaricus campestris,Ängschampinjon,Swedish,false
122090215,Agaricus campestris,Field Mushroom,English,true
122090218,Agaricus sylvaticus,Pinew,English,false
122090218,Agaricus sylvaticus,Red Staining Mushroom,English,false
122090218,Agaricus sylvaticus,Scaly Wood Mushroom,English,false
122090218,Agaricus sylvaticus,Skogschampinjon,Swedish,false
122090218,Agaricus sylvaticus,Blushing Wood Mushroom,English,true
122090225,Albatrellus confluens,krásnoporka žemlička,Czech,false
122090225,Albatrellus confluens,Semmelporing,German,false
122090225,Albatrellus confluens,Brödticka,Swedish,true
122090234,Boletus edulis,Cep,English,false
122090234,Boletus edulis,King Bolete,English,false
122090234,Boletus edulis,Cèpe,French,false
122090234,Boletus edulis,Gewoon Eekhoorntjesbrood,Dutch; Flemish,false
122090234,Boletus edulis,Karjohanssvamp,Swedish,false
122090234,Boletus edulis,Porcini,Italian,false
122090234,Boletus edulis,Stensopp,Swedish,false
122090234,Boletus edulis,Penny Bun,English,true
122090237,Boletus pinophilus,Denneneekhoorntjesbrood,Dutch; Flemish,false
122090237,Boletus pinophilus,Hřib Borový,Czech,false
122090237,Boletus pinophilus,Kiefern Steinpilz,German,false
122090237,Boletus pinophilus,Rödbrun Stensopp,Swedish,false
122090237,Boletus pinophilus,Pine Bolete,English,true
122090240,Boletus reticulatus,Finluden Stensopp,Swedish,false
122090240,Boletus reticulatus,Summer Bolete,English,true
122090261,Calocybe gambosa,Vårmusseron,Swedish,false
122090261,Calocybe gambosa,St. George's Mushroom,English,true
122090350,Cantharellula umbonata,Fläckkantarell,Swedish,false
122090350,Cantharellula umbonata,The Humpback,English,true
122090466,Clitopilus prunulus,Mjölskivling,Swedish,false
122090466,Clitopilus prunulus,The Miller,English,true
122090475,Coprinus comatus,Lawyer's Wig,English,false
122090475,Coprinus comatus,Fjällig Bläcksvamp,Swedish,false
122090475,Coprinus comatus,Shaggy Ink Cap,English,true
122090482,Cortinarius caperatus,Meelkop,Dutch; Flemish,false
122090482,Cortinarius caperatus,The Gypsy,English,true
122090512,Flammulina velutipes,Vinternagelskivling,English,false
122090512,Flammulina velutipes,Velvet Shank,English,true
122090523,Gomphidius glutinosus,Citrongul Slemskivling,Swedish,false
122090523,Gomphidius glutinosus,Slimy Spike,English,true
122090530,Gomphidius roseus,Rosenslemskivling,Swedish,false
122090530,Gomphidius roseus,Slizák Růžový,Czech,false
122090530,Gomphidius roseus,Sliziak Ružový,Slovak,false
122090530,Gomphidius roseus,Rosy Spike,English,true
122090544,Hydnum repandum,Wood Hedgehog,English,true
122090547,Hygrophorus hypothejus,Olivvaxskivling,Swedish,false
122090547,Hygrophorus hypothejus,Šťavnatka Pomrazka,Czech,false
122090547,Hygrophorus hypothejus,Herald of Winter,English,true
122090554,Hygrophorus olivaceoalbus,Olivvaxskivling,Swedish,false
122090554,Hygrophorus olivaceoalbus,Olive Wax Cap,English,true
122090565,Hypholoma capnoides,Rökslöjskivling,Swedish,false
122090565,Hypholoma capnoides,Conifer Tuft,English,true
122090579,Kuehneromyces mutabilis,Föränderlig Tofsskivling,Swedish,false
122090579,Kuehneromyces mutabilis,Sheathed Woodtuft,English,true
122090665,Lycoperdon perlatum,Harilik Murumuna,Estonian,false
122090665,Lycoperdon perlatum,Vårtig Röksvamp,Swedish,false
122090665,Lycoperdon perlatum,Common Puffball,English,true
122090725,Russula aeruginea,Grönkremla,Swedish,true
122090728,Russula claroflava,The Yellow Swamp Brittlegill,English,false
122090728,Russula claroflava,Gulkremla,Swedish,true
122090737,Russula decolorans,Tegelkremla,Swedish,false
122090737,Russula decolorans,Copper Brittlegill,English,true
122090744,Russula paludosa,Storkremla,Swedish,false
122090744,Russula paludosa,Hintapink,English,true
122090747,Russula vesca,Kantkremla,Swedish,true
122090750,Russula vinosa,Vinkremla,Swedish,false
122090750,Russula vinosa,Darkening Brittlegill,English,true
122090785,Suillus bovinus,Bovine Bolete,English,false
122090785,Suillus bovinus,Örsopp,Swedish,false
122090785,Suillus bovinus,Jersey Cow Mushroom,English,true
122090798,Suillus granulatus,The Granulated Bolete,English,false
122090798,Suillus granulatus,Grynsopp,Swedish,false
122090798,Suillus granulatus,Weeping Bolete,English,true
122090805,Suillus grevillei,Larch Bolete,English,false
122090805,Suillus grevillei,Lärksopp,Swedish,false
122090805,Suillus grevillei,Greville's Bolete,English,true
122090818,Suillus luteus,Smörsopp,Swedish,false
122090818,Suillus luteus,Slippery Jack,English,true
122090821,Suillus variegatus,Velvet Bolete,English,false
122090821,Suillus variegatus,Fijnschubbige Boleet,Dutch; Flemish,false
122090821,Suillus variegatus,Sandsopp,Swedish,true
125433484,Bovista paludosa,Boviste des Marais,French,false
125433484,Bovista paludosa,Fúkavec močiarny,Slovak,false
125433484,Bovista paludosa,Kurzawka bagienna,Polish,false
125433484,Bovista paludosa,Myrrøyksopp,Norwegian,false
125433484,Bovista paludosa,Prášivka bažinná,Czech,false
125433484,Bovista paludosa,Soo-maamuna,Estonian,false
125433484,Bovista paludosa,Sumpf-Bovist,German,false
125433484,Bovista paludosa,Тресетишна пувка,Macedonian,false
125433484,Bovista paludosa,Fen Puffball,English,true
125433585,Montagnea radiosa,Czernidłaczek piaskowy,Polish,false
125433585,Montagnea radiosa,Montagniówka piaskowa,Polish,false
125433585,Montagnea radiosa,Květka písečná,Czech,true
125433663,Amanita caesarea,Amanite des Césars,French,false
125433663,Amanita caesarea,"Jајчарка, булка, царска габа",Macedonian,false
125433663,Amanita caesarea,Kaiserling,German,false
125433663,Amanita caesarea,Muchomor cesarski,Polish,false
125433663,Amanita caesarea,Muchomurka císarka,Czech,false
125433663,Amanita caesarea,Muchotrávka cisárska,Slovak,false
125433663,Amanita caesarea,Oronge,French,false
125433663,Amanita caesarea,Veza e Çezarit,Albanian,false
125433663,Amanita caesarea,Благва,Serbian,false
125433663,Amanita caesarea,Caesar's Amanita,English,true
125434218,Buchwaldoboletus lignicola,Brauner Nadelholzröhrling,German,false
125434218,Buchwaldoboletus lignicola,Houtboleet,Dutch; Flemish,false
125434218,Buchwaldoboletus lignicola,Hřib Dřevožijný,Czech,false
125434218,Buchwaldoboletus lignicola,Žltavec Drevový,Slovak,false
125434218,Buchwaldoboletus lignicola,Бухвальдоболет древесинный,Russian,false
125434218,Buchwaldoboletus lignicola,Wood Bolete,English,true
125434301,Boletinellus merulioides,Ash Tree Bolete,English,true
125434446,Cortinarius ionochlorus,Cortinaire Vert et Violet,French,false
125434446,Cortinarius ionochlorus,Violettblättriger Klumpfuss,German,false
125434446,Cortinarius ionochlorus,Cortinario Violeta y Verde,Spanish; Castilian,true
125434480,Gyroporus punctatus,Гиропор точечный,Russian,false
125434480,Gyroporus punctatus,Biroodo-kuriiro-iguchi,Japanese,true
125435401,Bondarcevomyces taxi,Бондарцевомицес тисовый,Russian,true
138329440,Imleria badia,Brunsopp,Swedish,false
138329440,Imleria badia,Suchohríb Hnedý,Slovak,false
138329440,Imleria badia,Bay Bolete,English,true
138329491,Gliophorus reginae,Lúčnica Kráľovská,Slovak,false
138329491,Gliophorus reginae,Jubilee Waxcap,English,true
138329630,Lactarius rubidus,Candy Cap,English,true
138330030,Suillus lakei,Western Painted Suillus,English,true
147129245,Arrhenia discorosea,Аррения розоводисковая,Russian,false
147129245,Arrhenia discorosea,Kalichovka fialovoružová,Slovak,true
147691134,Ascoclavulina sakaii,クチキトサカタケ,Japanese,false
147691134,Ascoclavulina sakaii,Аскоклавулина Сакаи,Russian,true
147135428,Baeospora myriadophylla,Violettblättriges Tausendblatt,German,true
147144928,Rubroboletus rhodoxanthus,Blasshütiger Purpurröhrling,German,false
147144928,Rubroboletus rhodoxanthus,Borowik purpurowy,Polish,false
147144928,Rubroboletus rhodoxanthus,Hřib nachový,Czech,false
147144928,Rubroboletus rhodoxanthus,Papegøyerørsopp,Norwegian,false
147144928,Rubroboletus rhodoxanthus,Roodnetboleet,Dutch; Flemish,false
147144928,Rubroboletus rhodoxanthus,Rosensopp,Swedish,false
147144928,Rubroboletus rhodoxanthus,црвено-жолт вргањ,Macedonian,false
147144928,Rubroboletus rhodoxanthus,Ruddy Bolete,English,true
147158431,Catathelasma imperiale,Dwupierścieniak cesarski,Polish,false
147158431,Catathelasma imperiale,Hiidloorik,Estonian,false
147158431,Catathelasma imperiale,Keisersopp,Norwegian,false
147158431,Catathelasma imperiale,Náramkovec Císařský,Czech,false
147158431,Catathelasma imperiale,Náramkovka Cisárska,Slovak,false
147158431,Catathelasma imperiale,Wurzel-Möhrling,German,false
147158431,Catathelasma imperiale,Imperial Mushroom,English,true
147163231,Cortinarius atrovirens,Piparvöödik,Estonian,false
147163231,Cortinarius atrovirens,Schwarzgrüner Klumpfuß,German,false
147163231,Cortinarius atrovirens,Zasłonak czarniawy,Polish,false
147163231,Cortinarius atrovirens,Olive Webcap,English,true
147163295,Cortinarius eucaeruleus,Schönblauer Klumpfuß,German,true
147851191,Cortinarius meinhardii,Dottergelber Klumpfuß,German,true
147245319,Entoloma bloxamii,Bloxam's Entoloma,English,false
147245319,Entoloma bloxamii,Blårödling,Swedish,false
147245319,Entoloma bloxamii,Blauer Rötling,German,false
147245319,Entoloma bloxamii,Blauwe Molenaarssatijnzwam,Dutch; Flemish,false
147245319,Entoloma bloxamii,Bloxami Punalehik,Estonian,false
147245319,Entoloma bloxamii,Dzwonkówka szarofioletowa,Polish,false
147245319,Entoloma bloxamii,Entolome de Bloxam,French,false
147245319,Entoloma bloxamii,Hodvábnica bloxamova,Slovak,false
147245319,Entoloma bloxamii,Indigo-rødblad,Danish,false
147245319,Entoloma bloxamii,Lilablauer Rötling,German,false
147245319,Entoloma bloxamii,Ljubičastoplava rudoliska,Croatian,false
147245319,Entoloma bloxamii,Modrikasta rdečelistka,Slovenian,false
147245319,Entoloma bloxamii,Praktrødspore,Norwegian,false
147245319,Entoloma bloxamii,Závojenka vlhká,Czech,false
147245319,Entoloma bloxamii,энтолома Блоксема,Russian,false
147245319,Entoloma bloxamii,Big Blue Pinkgill,English,true
147278769,Entoloma griseocyaneum,Entolome Gris Cyan,French,false
147278769,Entoloma griseocyaneum,Flockenschuppiger Zärtling,German,false
147278769,Entoloma griseocyaneum,Gråblå Rødblad,Danish,false
147278769,Entoloma griseocyaneum,Graublauer Rötling,German,false
147278769,Entoloma griseocyaneum,Graulilastieliger Zärtling,German,false
147278769,Entoloma griseocyaneum,Grijsblauwe Satijnzwam,Dutch; Flemish,false
147278769,Entoloma griseocyaneum,Hallikassinine Punalehik,Estonian,false
147278769,Entoloma griseocyaneum,Lillagrå Rødspore,Norwegian,false
147278769,Entoloma griseocyaneum,Luskata rdečelistka,Slovenian,false
147278769,Entoloma griseocyaneum,Stornopping,Swedish,false
147278769,Entoloma griseocyaneum,Suomurusokas,Finnish,false
147278769,Entoloma griseocyaneum,Felted Pinkgill,English,true
147285942,Entoloma porphyrophaeum,Dzwonkówka porfirowobrązowa,Polish,false
147285942,Entoloma porphyrophaeum,Entolome Porphyre,French,false
147285942,Entoloma porphyrophaeum,Grimiznosmeđa Rudoliska,Croatian,false
147285942,Entoloma porphyrophaeum,Kyyhkyrusokas,Finnish,false
147285942,Entoloma porphyrophaeum,Lillabrun Rødspore,Norwegian,false
147285942,Entoloma porphyrophaeum,Porfiersatijnzwam,Dutch; Flemish,false
147285942,Entoloma porphyrophaeum,Porfirasta Rdečelistka,Slovenian,false
147285942,Entoloma porphyrophaeum,Porfyrbrun Rødblad,Danish,false
147285942,Entoloma porphyrophaeum,Porfyrrödling,Swedish,false
147285942,Entoloma porphyrophaeum,Porphyrbrauner Rötling,German,false
147285942,Entoloma porphyrophaeum,Pruun Punalehik,Estonian,false
147285942,Entoloma porphyrophaeum,Závojenka Šedohnědá,Czech,false
147285942,Entoloma porphyrophaeum,Lilac Pinkgill,English,true
147286059,Entoloma prunuloides,Mehl-Rötling,German,false
147286059,Entoloma prunuloides,Melrødspore,Norwegian,false
147286059,Entoloma prunuloides,Mjölröskivling,Swedish,false
147286059,Entoloma prunuloides,Molenaarssatijnzwam,Dutch; Flemish,false
147286059,Entoloma prunuloides,Závojenka Mechovkovitá,Croatian,false
147286059,Entoloma prunuloides,Mealy Pinkgill,English,true
147295141,Flammulina ononidis,Hauhechel-Samtfußrübling,German,false
147295141,Flammulina ononidis,Penízovka Jehlicová,Czech,false
147295141,Flammulina ononidis,Travnjačka Panjevka,Croatian,false
147295141,Flammulina ononidis,Kulu-sametkõrges,Estonian,true
147295216,Flaviporus citrinellus,Outkovečka Citronová,Czech,false
147295216,Flaviporus citrinellus,Sidrunkollane Atrodiell,Estonian,false
147295216,Flaviporus citrinellus,Zitronengelbe Krustentramete,German,false
147295216,Flaviporus citrinellus,Lemon-colored Antrodiella,English,true
147296771,Microglossum atropurpureum,Purperbruine Aardtong,Dutch; Flemish,false
147296771,Microglossum atropurpureum,Purpurbrun Jordtunge,Swedish,false
147296771,Microglossum atropurpureum,Purpurfarvet Jordtunge,Danish,false
147296771,Microglossum atropurpureum,Purpur-maakeel,Estonian,false
147296771,Microglossum atropurpureum,Schwarzrote Blasssporerdzunge,German,false
147296771,Microglossum atropurpureum,Schwarzrote Erdzunge,German,false
147296771,Microglossum atropurpureum,Sysikieli,Finnish,false
147296771,Microglossum atropurpureum,Vrangjordtunge,Norwegian,false
147296771,Microglossum atropurpureum,Dark-purple Earthtongue,English,true
147321031,Cuphophyllus canescens,Tennvaxskivling,Swedish,false
147321031,Cuphophyllus canescens,Tinnvokssopp,Norwegian,true
147965892,Hygrocybe coccineocrenata,Cretna Vlažnica,Croatian,false
147965892,Hygrocybe coccineocrenata,Mizugoke-no-hana,Japanese,false
147965892,Hygrocybe coccineocrenata,Myrvokssopp,Norwegian,false
147965892,Hygrocybe coccineocrenata,Rahkavahakas,Finnish,false
147965892,Hygrocybe coccineocrenata,Schuppiger Torfmoos-Saftling,German,false
147965892,Hygrocybe coccineocrenata,Tresavska Vlažnica,Serbian,false
147965892,Hygrocybe coccineocrenata,Veenmosvuurzwammetje,Dutch; Flemish,false
147965892,Hygrocybe coccineocrenata,Voskovka Vroubkovaná,Czech,false
147965892,Hygrocybe coccineocrenata,Wilgotnica czerwona,Polish,false
147965892,Hygrocybe coccineocrenata,тресавска влажница,Serbian,false
147965892,Hygrocybe coccineocrenata,Feinschuppiger Moor-Saftling,German,true
147321083,Cuphophyllus colemannianus,Bruine Wasplaat,Dutch; Flemish,false
147321083,Cuphophyllus colemannianus,Brun Ängsvaxskivling,Swedish,false
147321083,Cuphophyllus colemannianus,Brun Engvokssopp,Norwegian,false
147321083,Cuphophyllus colemannianus,Dattelbrauner Ellerling,German,false
147321083,Cuphophyllus colemannianus,Rødbrun Vokshat,Danish,false
147321083,Cuphophyllus colemannianus,Smeđa Vlažnica,Croatian,false
147321083,Cuphophyllus colemannianus,Voskovka Colemannova,Czech,false
147321083,Cuphophyllus colemannianus,Toasted Waxcap,English,true
147321394,Cuphophyllus lacmus,Grålila Vaxskivling,Swedish,false
147321394,Cuphophyllus lacmus,Gråviolet Vokshat,Danish,false
147321394,Cuphophyllus lacmus,Ljubičastosiva Vlažnica,Croatian,false
147321394,Cuphophyllus lacmus,Skifervokssopp,Norwegian,false
147321394,Cuphophyllus lacmus,Violetgrijze Wasplaat,Dutch; Flemish,false
147321394,Cuphophyllus lacmus,Violettgrauer Ellerling,German,false
147321394,Cuphophyllus lacmus,Voskovka Nafialovělá,Czech,false
147321394,Cuphophyllus lacmus,Grey Waxcap,English,true
147321554,Neohygrocybe nitrata,Apothekerswasplaat,Dutch; Flemish,false
147321554,Neohygrocybe nitrata,Dušična Vlažnica,Croatian,false
147321554,Neohygrocybe nitrata,Hygrophore à Odeur Nitreuse,French,false
147321554,Neohygrocybe nitrata,Klorova Vlažnica,Slovak,false
147321554,Neohygrocybe nitrata,Leelis-vesinutt,Estonian,false
147321554,Neohygrocybe nitrata,Lipeävahakas,Finnish,false
147321554,Neohygrocybe nitrata,Lutvaxskivling,Swedish,false
147321554,Neohygrocybe nitrata,Lutvokssopp,Norwegian,false
147321554,Neohygrocybe nitrata,Nichtrötender Nitratsaftling,German,false
147321554,Neohygrocybe nitrata,Nichtrötender Nitrat-Saftling,German,false
147321554,Neohygrocybe nitrata,Stinkende Vokshat,Danish,false
147321554,Neohygrocybe nitrata,Voskovka Ledková,Czech,false
147321554,Neohygrocybe nitrata,Nitrous Waxcap,English,true
147321622,Hygrocybe ovina,Lúčnica Ovčia,Slovak,false
147321622,Hygrocybe ovina,Rødmende Vokshat,Danish,false
147321622,Hygrocybe ovina,Rötender Nitratsaftling,German,false
147321622,Hygrocybe ovina,Rötender Saftling,German,false
147321622,Hygrocybe ovina,Sauevokssopp,Norwegian,false
147321622,Hygrocybe ovina,Sepiavaxskivling,Swedish,false
147321622,Hygrocybe ovina,Sombere Wasplaat,Dutch; Flemish,false
147321622,Hygrocybe ovina,Voskovka Ovčí,Croatian,false
147321622,Hygrocybe ovina,Blushing Waxcap,English,true
147321720,Hygrocybe punicea,Größter Saftling,German,false
147321720,Hygrocybe punicea,Hiid-vesinutt,Estonian,false
147321720,Hygrocybe punicea,Lúčnica Granátovočervená,Slovak,false
147321720,Hygrocybe punicea,Scharlakansvaxskivling,Swedish,false
147321720,Hygrocybe punicea,Skarlagenvokssopp,Norwegian,false
147321720,Hygrocybe punicea,Velika Vlažnica,Croatian,false
147321720,Hygrocybe punicea,Огнена влажница,Macedonian,false
147321720,Hygrocybe punicea,Crimson Waxcap,English,true
147321990,Hygrocybe splendidissima,Gelbfleischiger Pracht-Saftling,German,false
147321990,Hygrocybe splendidissima,Klaprooswasplaat,Dutch; Flemish,false
147321990,Hygrocybe splendidissima,Knaldrød Vokshat,Danish,false
147321990,Hygrocybe splendidissima,Lúčnica Nádherná,Slovak,false
147321990,Hygrocybe splendidissima,Prächtiger Saftling,German,false
147321990,Hygrocybe splendidissima,Praktvaxskivling,Swedish,false
147321990,Hygrocybe splendidissima,Rød Honningvokssopp,Norwegian,false
147321990,Hygrocybe splendidissima,Voskovka Nádherná,Czech,false
147321990,Hygrocybe splendidissima,Wilgotnica okazała,Polish,false
147321990,Hygrocybe splendidissima,Splendid Waxcap,English,true
147322131,Gloioxanthomyces vitellinus,Gul Slimvokssopp,Norwegian,false
147322131,Gloioxanthomyces vitellinus,Kromgul Vokshat,Danish,false
147322131,Gloioxanthomyces vitellinus,Kromvaxskivling,Swedish,false
147322131,Gloioxanthomyces vitellinus,Verblekende Wasplaat,Dutch; Flemish,false
147322131,Gloioxanthomyces vitellinus,Dottergelber Saftling,German,true
147323466,Hygrophorus subviscifer,Isabellavokssopp,Norwegian,false
147323466,Hygrophorus subviscifer,Nuhruvahakas,Finnish,false
147323466,Hygrophorus subviscifer,Narrvaxskivling,Swedish,true
147430392,Hyphoderma etruriae,Етрурска коричка,Macedonian,true
147430901,Laccaria maritima,Duinfopzwam,Dutch; Flemish,false
147430901,Laccaria maritima,Dünen-Lacktrichterling,German,false
147430901,Laccaria maritima,Dynelakssopp,Norwegian,false
147430901,Laccaria maritima,Dynlaxskivling,Swedish,false
147430901,Laccaria maritima,Hietikkolohisieni,Finnish,false
147430901,Laccaria maritima,Klit-Ametysthat,Danish,false
147430901,Laccaria maritima,Lakówka nadmorska,Polish,false
147430901,Laccaria maritima,Luiterupik,Estonian,false
147430901,Laccaria maritima,Sand Deceiver,English,true
147437401,Perenniporia medulla-panis,Brotbrösel-Porling,German,false
147437401,Perenniporia medulla-panis,Gelaagde Poria,Dutch; Flemish,false
147437401,Perenniporia medulla-panis,Pórnatka Chlebová,Czech,false
147437401,Perenniporia medulla-panis,Дабова ситнопорка,Macedonian,false
147437401,Perenniporia medulla-panis,Valge Püsipoorik,Estonian,true
147440473,Picipes rhizophilus,Choroš Travní,Czech,false
147440473,Picipes rhizophilus,Żagiew korzonkowa,Polish,false
147440473,Picipes rhizophilus,Steppengras-Schwarzfußporling,German,true
147440561,Pseudoplectania melaena,Misôčka Tmavá,Slovak,false
147440561,Pseudoplectania melaena,Ušíčko Jedlové,Czech,false
147440561,Pseudoplectania melaena,Gestielter Tannen-Schwarzborstling,German,true
148050068,Resinoporia piceata,Laanekorgik,Estonian,false
148050068,Resinoporia piceata,Pórnatka Sitková,Czech,false
148050068,Resinoporia piceata,Sitkankääpä,Finnish,false
148050068,Resinoporia piceata,Stankhvitkjuke,Norwegian,false
148050068,Resinoporia piceata,Amylopórovka Aljašská,Slovak,true
147533826,Sarcodontia crocea,Ābeļu Sarkodoncija,Latvian,false
147533826,Sarcodontia crocea,Boomgaardstekelkorstzwam,Dutch; Flemish,false
147533826,Sarcodontia crocea,Gelber Apfelbaum-Zahnporling,German,false
147533826,Sarcodontia crocea,Hrotnatka Zápašná,Czech,false
147533826,Sarcodontia crocea,Krookusnarmik,Estonian,false
147533826,Sarcodontia crocea,Orchard Tooth,English,true
148080667,Antrodia alpina,Gelbe Alpen-Krustentramete,German,false
148080667,Antrodia alpina,Alpine Braunfäuletramete,German,true
147535240,Stereopsis vitellina,Gele Grondkorstzwam,Dutch; Flemish,false
147535240,Stereopsis vitellina,Nõmmenahkis,Estonian,false
147535240,Stereopsis vitellina,Pevníkovka Žloutková,Czech,false
147535240,Stereopsis vitellina,Roothole Rosette,English,true
147537697,Paraxerula caussei,Slizečka Černá,Czech,false
147537697,Paraxerula caussei,Grauhaariger Wurzelrübling,German,true
147534726,Squamanita pearsonii,Strathy Strangler,English,true
147537682,Xeromphalina junipericola,Фоина труба,Macedonian,true
125434807,Porpolomopsis calyptriformis,Hygrophore en Capuchon,French,false
125434807,Porpolomopsis calyptriformis,Lúčnica Ružovočervená,Slovak,false
125434807,Porpolomopsis calyptriformis,Rosasaftling,German,false
125434807,Porpolomopsis calyptriformis,Rosa Vokssopp,Norwegian,false
125434807,Porpolomopsis calyptriformis,Rosenrød Vokshat,Danish,false
125434807,Porpolomopsis calyptriformis,Rosenroter Saffling,German,false
125434807,Porpolomopsis calyptriformis,Rožainā Stiklene,Latvian,false
125434807,Porpolomopsis calyptriformis,Rozerode Wasplaat,Dutch; Flemish,false
125434807,Porpolomopsis calyptriformis,Voskovka Příjemná,Czech,false
125434807,Porpolomopsis calyptriformis,Wilgotnica Czapeczkowata,Polish,false
125434807,Porpolomopsis calyptriformis,Pink Waxcap,English,true
154285682,Macrocystidia reducta,The Fishy Pouch,English,true
154600854,Ileodictyon sp. nov. 'vert de garnierii',Green Cage Fungus,English,true
154605211,Podoserpula miranda,Barbie Pagoda,English,true
155280324,Boletus loyita,Pichiloyo,Spanish; Castilian,true
156286058,Amanita lepiotoides,Amanite Fausse-lépiote,French,false
156286058,Amanita lepiotoides,Braunscheidiger Wulstling,German,false
156286058,Amanita lepiotoides,Dežnikasta Mušnica,Slovenian,false
156286058,Amanita lepiotoides,Húsbarna Galóca,Hungarian,false
156286058,Amanita lepiotoides,Large-scaled Amidella,English,true
157150127,Laccariopsis mediterranea,Collybie méditerranéenne,French,true
147323011,Hygrophorus calophyllus,Fagervokssopp,Norwegian,false
147323011,Hygrophorus calophyllus,Rosablättriger,German,false
147323011,Hygrophorus calophyllus,Rosaskivig Vaxskivling,Swedish,false
147323011,Hygrophorus calophyllus,Rusohelttavahakas,Finnish,false
147323011,Hygrophorus calophyllus,Schönblättriger Schneckling,German,true
147144825,Alessioporus ichnusanus,Büscheliger Eichen-Filzröhrling,German,false
147144825,Alessioporus ichnusanus,Func’i Filici,Italian,false
147144825,Alessioporus ichnusanus,Лимонест вргањ,Macedonian,false
147144825,Alessioporus ichnusanus,Boleto Sardo,Italian,true
172677957,Amanita merxmuelleri,Rau-Rau,Uncoded languages,false
172677957,Amanita merxmuelleri,Piojento,Spanish; Castilian,true
70385721,Arthonia kermesina,Hot Dots,English,true
175708768,Texosporium sancti-jacobi,Woven-spore Lichen,English,true
175708981,Chaenothecopsis oregana,Resin Whiskers,English,true
175709575,Bryoria fremontii,Black Moss,English,false
175709575,Bryoria fremontii,Black Tree Beard,English,false
175709575,Bryoria fremontii,Black Tree Lichen,English,false
175709575,Bryoria fremontii,Edible Horsehair Lichen,English,false
175709575,Bryoria fremontii,Fremont's Horsehair Lichen,English,false
175709575,Bryoria fremontii,Tree Hair,English,false
175709575,Bryoria fremontii,Wila,Salishan languages,false
175709575,Bryoria fremontii,Wila,English,true
175710010,Seirophora aurantiaca,Arctic Orangebush Lichen,English,true
175710250,Sticta carolinensis,Carolina Moon Lichen,English,true
175710297,Sticta fragilinata,Tammy's Pumpkin Pails,English,true
175710321,Sticta deyana,Dey's Moon Lichen,English,true
175711802,Cora timucua,Timucua Lettuce Basidiolichen,English,false
175711802,Cora timucua,Timucua Heart Lichen,English,true
76267712,Tricholoma matsutake,Goliatmusseron,Swedish,false
76267712,Tricholoma matsutake,Kransmusserong,Norwegian,false
76267712,Tricholoma matsutake,松茸,Japanese,false
76267712,Tricholoma matsutake,Matsutake,English,true
58514773,Ophiocordyceps sinensis,Caterpillar Fungus,English,false
58514773,Ophiocordyceps sinensis,Dōng chóng xià cǎo,Chinese,false
58514773,Ophiocordyceps sinensis,Yartsa Gunbu,Tibetan,false
58514773,Ophiocordyceps sinensis,Yatsa Gunbu,Tibetan,false
58514773,Ophiocordyceps sinensis,Chinese Caterpillar Fungus,English,true
180096947,Flavoparmelia caperata,40-mile Per Hour Lichen,English,false
180096947,Flavoparmelia caperata,Common Green Shield,English,true
180096958,Lepraria oxybapha,Lesser Lichen Vulgaris,English,true
180875146,Lepra andersoniae,Gladys' Mountain Spikes,English,true
183335302,Cladonia submitis,Mid-Atlantic Comb-over,English,true
180412795,Calicium sequoiae,Redwood Stubble,English,true
58517228,Poronia punctata,Großsporige Porenscheibe,German,false
58517228,Poronia punctata,Grote Speldenprikzwam,Dutch; Flemish,false
58517228,Poronia punctata,Löcherscheibe,German,false
58517228,Poronia punctata,Porónia Bodkovaná,Slovak,false
58517228,Poronia punctata,Rossapfelkernpilz,German,false
58517228,Poronia punctata,Täpiline Jalgnööbik,Estonian,false
58517228,Poronia punctata,Trusovka Tečkovaná,Czech,false
58517228,Poronia punctata,Точкеста лепешкарка,Macedonian,false
58517228,Poronia punctata,Nail Fungus,English,true
194660286,Bryoria salazinica,Smooth Horsehair Lichen,English,true
194660372,Bulbothrix confoederata,Smooth Eyelash Lichen,English,true
194660573,Parmelia saxatilis,Salted Shield Lichen,English,true
194660642,Parmelia squarrosa,Bottle Brush Shield Lichen,English,true
194660719,Parmeliopsis ambigua,Green Starburst Lichen,English,true
194660868,Parmeliopsis hyperopta,Grey Starburst Lichen,English,true
194661476,Parmotrema crinitum,Salted Ruffle Lichen,English,true
194661553,Parmotrema hypotropum,Powdered Ruffle Lichen,English,true
194661584,Parmotrema perforatum,Perforated Ruffle Lichen,English,true
194662185,Rhizoplaca idahoensis,Idaho Grouse Pellet,English,true
194662208,Canoparmelia caroliniana,Carolina Shield Lichen,English,true
194662214,Flavoparmelia baltimorensis,Rock Greenshield,English,true
194662493,Melanohalea halei,Appalachian Tree Camouflage Lichen,English,true
194663043,Leptogium hibernicum,Hibernia Jellyskin,English,false
194663043,Leptogium hibernicum,Irsk Hinnelav,"Norwegian Nynorsk; Nynorsk, Norwegian",true
195922965,Boletus rex-veris,Spring King Bolete,English,false
195922965,Boletus rex-veris,Spring King,English,true
195922624,Cantharellus subalbidus,White Chanterelle,English,true
195923620,Caloboletus rubripes,Red-footed Bitter Bolete,English,false
195923620,Caloboletus rubripes,Red-stemmed Bitter Bolete,English,true
195923616,Caloboletus marshii,Ben's Bitter Bolete,English,true
195921759,Amanita silvicola,Woodland Amanita,English,true
195921702,Amanita aprica,Sunshine Amanita,English,true
195921742,Albatrellopsis flettii,Blue Polypore,English,true
195923236,Aureoboletus mirabilis,Admirable Bolete,English,true
195922608,Cantharellus cascadensis,Hybrid Chanterelle,English,false
195922608,Cantharellus cascadensis,Cascade Chanterelle,English,true
195922611,Cantharellus roseocanus,Rainbow Chanterelle,English,true
195922677,Cantharellus formosus,Pacific Golden Chanterelle,English,true
195922930,Boletus fibrillosus,Fib King,English,true
195921755,Amanita novinupta,Blushing Bride,English,true
195923149,Boletus regineus,Queen Bolete,English,true
198477424,Amanita calyptroderma,Coccora,English,true
198480584,Phellodon atratus,Blue-black Tooth,English,true
198477547,Amanita vernicoccora,Spring Coccora,English,true
198477478,Amanita ocreata,Western Destroying Angel,English,true
198622834,Cantharellus chicagoensis,Chicago Chanterelle,English,true
198622914,Cantharellus cinnabarinus,Cinnabar Chanterelle,English,true
175709748,Mobergia calculiformis,Coastal Popcorn Lichen,English,false
175709748,Mobergia calculiformis,Palomitas Costeras,Spanish; Castilian,true
175710031,Teloschistes peruensis,Liquen Amarillo,Spanish; Castilian,false
175710031,Teloschistes peruensis,Liquen Anaranjado Arbustivo de la Atacama,Spanish; Castilian,false
175710031,Teloschistes peruensis,Peruvian Orange-bush Lichen,English,true
203334415,Cortinarius camptoros,Elastischer Klumpfuß,German,true
204091904,Cortinarius phrygianus,Frygiaslørsopp,Norwegian,false
204091904,Cortinarius phrygianus,Frygisk Spindling,Swedish,false
204091904,Cortinarius phrygianus,Hallimasch-raukopf,German,true
204091995,Cortinarius alcalinophilus,Паутинник щелочелюбивый,Russian,false
204091995,Cortinarius alcalinophilus,Fläckig Saffransspindling,Swedish,true
204092017,Cortinarius stjernegaardii,Knölfotad Bananspindling,Swedish,false
204092017,Cortinarius stjernegaardii,Søsterslørsopp,Norwegian,true
70401726,Buglossoporus quercinus,Brezovník Dubový,Slovak,false
70401726,Buglossoporus quercinus,Eichen-zungenporling,German,false
70401726,Buglossoporus quercinus,Kokamba-take,Japanese,false
70401726,Buglossoporus quercinus,Pstřeňovec Dubový,Czech,false
70401726,Buglossoporus quercinus,Tungticka,Swedish,false
70401726,Buglossoporus quercinus,Oak Polypore,English,true
204091938,Cortinarius elegantissimus,Kejsarspindling,Swedish,false
204091938,Cortinarius elegantissimus,Паутинник элегантнейший,Russian,false
204091938,Cortinarius elegantissimus,Prächtiger Klumpfuß,German,true
204091740,Calocybe favrei,Blaugelber Schwärz-rasling,German,false
204091740,Calocybe favrei,Favre's Schwärzling,German,false
204091740,Calocybe favrei,Gelbblättriger Schwärz-rasling,German,false
204091740,Calocybe favrei,Rötender Schwärz-rasling,German,false
204091740,Calocybe favrei,Gilded Domecap,English,true
204091900,Cortinarius tiliae,Lindeslørsopp,Norwegian,true
147297001,Geoglossum difforme,Klæbrig Jordtunge,Danish,false
147297001,Geoglossum difforme,Klebrige Erdzunge,German,false
147297001,Geoglossum difforme,Klibbjordtunga,Swedish,false
147297001,Geoglossum difforme,Slimjordtunge,Norwegian,false
147297001,Geoglossum difforme,Veelseptige Aardtong,Dutch; Flemish,false
147297001,Geoglossum difforme,Slimy Earthtongue,English,true
64081145,Anzia centrifuga,Porto Santo Foam Lichen,English,true
