internalTaxonId,scientificName,name,genusName,speciesName,speciesAuthor,infraType,infrarankAuthor
43995,Erioderma pedicellatum,Pannaria pedicellata Hue,Pannaria,pedicellata,Hue,,
58515314,Sarcosoma globosum,Burcardia globosa Schmidel,Burcardia,globosa,Schmidel,,
58521132,Amylocystis lapponica,Polyporus lapponicus Romell,Polyporus,lapponicus,Romell,,
58521185,Boletopsis grisea,Polyporus griseus Peck,Polyporus,griseus,Peck,,
58521209,Hapalopilus croceus,Boletus croceus Pers.,Boletus,croceus,Pers.,,
58521209,Hapalopilus croceus,Aurantiporus croceus  (Pers.) Murrill,Aurantiporus,croceus ,(Pers.) Murrill,,
70386009,Cetradonia linearis,Cladonia linearis A.Evans,Cladonia,linearis,A.Evans,,
70401627,Hericium erinaceus,Hydnum erinaceus Bull.,Hydnum,erinaceus,Bull.,,
70401892,Pseudotricholoma metapodium,Agaricus metapodius Fr.,Agaricus,metapodius,Fr.,,
70401892,Pseudotricholoma metapodium,Porpoloma metapodium (Fr.) Singer,Porpoloma,metapodium,(Fr.) Singer,,
70402359,Rhodotus palmatus,Agaricus palmatus Bull.,Agaricus,palmatus,Bull.,,
70402507,Rubroboletus dupainii,Suillellus dupainii (Boud.) Blanco-Dios,Suillellus,dupainii,(Boud.) Blanco-Dios,,
70402507,Rubroboletus dupainii,Boletus dupainii Boud.,Boletus,dupainii,Boud.,,
70406652,Hygrocybe citrinovirens,Camarophyllus citrinovirens J.E.Lange,Camarophyllus,citrinovirens,J.E.Lange,,
70408373,Hydnellum compactum,Hydnum compactum Pers.,Hydnum,compactum,Pers.,,
70408415,Hydnellum mirabile,Hydnum mirabile Fr.,Hydnum,mirabile,Fr.,,
70415439,Neolentiporus squamosellus,Antrodia squamosella Bernicchia & Ryvarden,Antrodia,squamosella,Bernicchia & Ryvarden,,
70425822,Cortinarius odoratus,Phlegmacium odoratum Joguet ex M.M.Moser,Phlegmacium,odoratum,Joguet ex M.M.Moser,,
71567420,Echinodontium ballouii,Steccherinum ballouii Banker,Steccherinum,ballouii,Banker,,
71568683,Geastrum pouzarii,Geastrum campestre var. pouzarii (V.J. Stanek) Calonge,Geastrum,campestre,,variety,(V.J. Stanek) Calonge
71568683,Geastrum pouzarii,Geastrum pedicellatum var. pouzarii (V.J. Stanek Dörfeit),Geastrum,pedicellatum,,variety,(V.J. Stanek Dörfeit)
71598929,Leptogium rivulare,Lichen rivulare Ach.,Lichen,rivulare,Ach.,,
71598929,Leptogium rivulare,Leptogium crenatellum Tuck.,Leptogium,crenatellum,Tuck.,,
71598929,Leptogium rivulare,Leptogium sernanderi Du Rietz,Leptogium,sernanderi,Du Rietz,,
71598929,Leptogium rivulare,Lichen rivularis Ach.,Lichen,rivularis,Ach.,,
71605769,Lethariella togashii,Letharia togashii Asahina,Letharia,togashii,Asahina,,
71622372,Santessoniella crossophylla,Pannaria crossophylla Tuck.,Pannaria,crossophylla,Tuck.,,
73643293,Anthracoidea andina,Cintractia andina Kukkonen,Cintractia,andina,Kukkonen,,
75097245,Armillaria ectypa,Armillariella ectypa (Fr.) Singer,Armillariella,ectypa,(Fr.) Singer,,
75097245,Armillaria ectypa,Camarophyllus ectypus (Fr.) P.Karst.,Camarophyllus,ectypus,(Fr.) P.Karst.,,
75097245,Armillaria ectypa,Clitocybe ectypa (Fr.) Gillet,Clitocybe,ectypa,(Fr.) Gillet,,
75097245,Armillaria ectypa,Omphalia ectypa (Fr.) Quél.,Omphalia,ectypa,(Fr.) Quél.,,
75097245,Armillaria ectypa,Agaricus ectypus Fr.,Agaricus,ectypus,Fr.,,
75099337,Butyriboletus loyo,Boletus loyo Phillippi,Boletus,loyo,Phillippi,,
75101587,Cortinarius pavelekii,"Thaxterogaster pavelekii Trappe, Castellano & P.Rawl.",Thaxterogaster,pavelekii,"Trappe, Castellano & P.Rawl.",,
75104087,Fomitopsis officinalis,Boletus officinalis Vill.,Boletus,officinalis,Vill.,,
75104087,Fomitopsis officinalis,Laricifomes officinalis (Vill.) Kot. & Pouzar,Laricifomes,officinalis,(Vill.) Kot. & Pouzar,,
75104087,Fomitopsis officinalis,Fomes officinalis (Vill.) Bres.,Fomes,officinalis,(Vill.) Bres.,,
75111171,Gastrolactarius camphoratus,Elasmomyces camphoratus Singer & A.H.Sm.,Elasmomyces,camphoratus,Singer & A.H.Sm.,,
75118539,Phylloporus pelletieri,Xerocomus pelleteri (Lév.) Bresinsky & Manfr. Binder,Xerocomus,pelleteri,(Lév.) Bresinsky & Manfr. Binder,,
75118940,Gyromitra korshinskii,Pseudorhizina sphaerospora (Peck) Pouza,Pseudorhizina,sphaerospora,(Peck) Pouza,,
75118940,Gyromitra korshinskii,Gyromitra sphaerospora (Peck) Sacc.,Gyromitra,sphaerospora,(Peck) Sacc.,,
75118940,Gyromitra korshinskii,Gyromitra gabretae Kavina,Gyromitra,gabretae,Kavina,,
75118940,Gyromitra korshinskii,Pseudorhizina korshinskii Jacz.,Pseudorhizina,korshinskii,Jacz.,,
75121617,Rhizopogon alexsmithii,Alpova alexsmithii Trappe,Alpova,alexsmithii,Trappe,,
75123278,Rubinoboletus rubinus,Boletus rubinus W.G. Sm.,Boletus,rubinus,W.G. Sm.,,
75123278,Rubinoboletus rubinus,Xerocomus rubinus (W.G. Sm.) A. Pearson,Xerocomus,rubinus,(W.G. Sm.) A. Pearson,,
75123278,Rubinoboletus rubinus,Chalciporus rubinus (W.G. Sm) Singer,Chalciporus,rubinus,(W.G. Sm) Singer,,
75124333,Sarcodon joeides,Hydnum joeides Pass.,Hydnum,joeides,Pass.,,
75124883,Sarcodon leucopus,Hydnum leucopus Pers.,Hydnum,leucopus,Pers.,,
75102369,Destuntzia rubra,Hymenogaster ruber Harkn.,Hymenogaster,ruber,Harkn.,,
76170958,Hydnellum gracilipes,Hydnum gracilipes P. Karst.,Hydnum,gracilipes,P. Karst.,,
76214469,Hygrocybe spadicea,Agaricus spadiceus Scop.,Agaricus,spadiceus,Scop.,,
76265852,Tricholoma acerbum,Agaricus acerbus Bull.,Agaricus,acerbus,Bull.,,
80702853,Cladonia appalachiensis,Cladonia appalachensis Yoshim. & Sharp ex Lendemer & R.C.Harris [orth. error],Cladonia,appalachensis,Yoshim. & Sharp ex Lendemer & R.C.Harris [orth. error],,
80702970,Mycoporum biseptatum,Arthonia biseptata Degel.,Arthonia,biseptata,Degel.,,
80703017,Phaeophyscia leana,Physcia leana Tuck.,Physcia,leana,Tuck.,,
80703047,Pilophorus fibula,Stereocaulon fibula Tuck.,Stereocaulon,fibula,Tuck.,,
80703106,Sulcaria spiralifera,Bryoria spiralifera Brodo & D. Hawksw.,Bryoria,spiralifera,Brodo & D. Hawksw.,,
80703106,Sulcaria spiralifera,Bryoria pseudocapillaris Brodo & D. Hawksw.,Bryoria,pseudocapillaris,Brodo & D. Hawksw.,,
80703121,Thelomma carolinianum,Acolium carolinianum Tuck.,Acolium,carolinianum,Tuck.,,
95383179,Amanita morrisii,Venenarius morrisii (Peck) Murrill,Venenarius,morrisii,(Peck) Murrill,,
95383179,Amanita morrisii,Amplariella morrisii (Peck) E.-J. Gilbert,Amplariella,morrisii,(Peck) E.-J. Gilbert,,
95383225,Amanita westii,Venenarius westii Murrill,Venenarius,westii,Murrill,,
95383287,Amanita sp. nov. 'zayantensis',Amanita baccata <i>sensu</i> Arora,Amanita,baccata,<i>sensu</i> Arora,,
95384485,Haploporus odorus,Trametes odora (Sommerf.) Fr.,Trametes,odora,(Sommerf.) Fr.,,
95384485,Haploporus odorus,Fomitopsis odora (Sommerf.) P.Karst.,Fomitopsis,odora,(Sommerf.) P.Karst.,,
95384485,Haploporus odorus,Polyporus odorus Sommerf.,Polyporus,odorus,Sommerf.,,
95384528,Lepiota luteophylla,Cystolepiota luteophylla (Sundb.) Knudsen,Cystolepiota,luteophylla,(Sundb.) Knudsen,,
95384539,Limacella solidipes,Lepiota solidipes Peck,Lepiota,solidipes,Peck,,
95384557,Pouzarella alissae,Entoloma alissae (Largent & Bergemann) Blanco-Dios,Entoloma,alissae,(Largent & Bergemann) Blanco-Dios,,
76195622,Bridgeoporus nobilissimus,Oxyporus nobilissimus W.B.Cooke,Oxyporus,nobilissimus,W.B.Cooke,,
75115087,Hygrocybe flavifolia,Hygrophorus flavifolius A.H.Sm. &amp; Hesler,Hygrophorus,flavifolius,A.H.Sm. &amp; Hesler,,
76195538,Lepiota viridigleba,Amogaster viridiglebus Castellano,Amogaster,viridiglebus,Castellano,,
109425875,Everniastrum nepalense,"Hypotrachyna nepalensis  (Taylor) Divakar, Crespo, Sipman, Elix & Lumbsch",Hypotrachyna,nepalensis ,"(Taylor) Divakar, Crespo, Sipman, Elix & Lumbsch",,
109425875,Everniastrum nepalense,Parmelia nepalensis Taylor,Parmelia,nepalensis,Taylor,,
109425987,Phaeophyscia hispidula,Parmelia hispidula Ach.,Parmelia,hispidula,Ach.,,
113197460,Trichoglossum walteri,Geoglossum walteri Berk.,Geoglossum,walteri,Berk.,,
122090207,Agaricus arvensis,Agaricus fissuratus F.H. Møller,Agaricus,fissuratus,F.H. Møller,,
122090207,Agaricus arvensis,Agaricus leucotrichus F.H. Møller,Agaricus,leucotrichus,F.H. Møller,,
122090207,Agaricus arvensis,Psalliota arvensis (Schaeff.) Gillet,Psalliota,arvensis,(Schaeff.) Gillet,,
122090210,Agaricus bitorquis,Psalliota bitorquis Quél.,Psalliota,bitorquis,Quél.,,
122090210,Agaricus bitorquis,Agaricus rodmanii Peck,Agaricus,rodmanii,Peck,,
122090210,Agaricus bitorquis,Psathyrella coronata (Quél.) M.M. Moser,Psathyrella,coronata,(Quél.) M.M. Moser,,
122090215,Agaricus campestris,Psalliota campestris (L.) Quél.,Psalliota,campestris,(L.) Quél.,,
122090218,Agaricus sylvaticus,Agaricus haemorrhoidarius Schulzer,Agaricus,haemorrhoidarius,Schulzer,,
122090218,Agaricus sylvaticus,Agaricus vinosobrunneus P.D. Orton,Agaricus,vinosobrunneus,P.D. Orton,,
122090218,Agaricus sylvaticus,Psalliota sylvatica (Schaeff.) P. Kumm.,Psalliota,sylvatica,(Schaeff.) P. Kumm.,,
122090225,Albatrellus confluens,Boletus confluens Alb. & Schwein.,Boletus,confluens,Alb. & Schwein.,,
122090225,Albatrellus confluens,Albatrellopsis confluens (Alb. & Schwein.) Teixeira,Albatrellopsis,confluens,(Alb. & Schwein.) Teixeira,,
122090225,Albatrellus confluens,Polyporus confluens (Alb. & Schwein.) Fr.,Polyporus,confluens,(Alb. & Schwein.) Fr.,,
122090225,Albatrellus confluens,Scutiger confluens (Alb. & Schwein.) Bondartsev & Singer,Scutiger,confluens,(Alb. & Schwein.) Bondartsev & Singer,,
122090225,Albatrellus confluens,Scutiger laeticolor Murrill,Scutiger,laeticolor,Murrill,,
122090234,Boletus edulis,Boletus betulicola (Vassilkov) Pilát & Dermek,Boletus,betulicola,(Vassilkov) Pilát & Dermek,,
122090234,Boletus edulis,Boletus clavipes (Peck) Pilát & Dermek,Boletus,clavipes,(Peck) Pilát & Dermek,,
122090234,Boletus edulis,Boletus olivaceobrunneus Zeller & F.D. Bailey,Boletus,olivaceobrunneus,Zeller & F.D. Bailey,,
122090234,Boletus edulis,Boletus persoonii Bon,Boletus,persoonii,Bon,,
122090234,Boletus edulis,Boletus venturii Bon,Boletus,venturii,Bon,,
122090234,Boletus edulis,Tylopilus porphyrosporus var. olivaceobrunneus (Zeller & F.D. Bailey) Wolfe,Tylopilus,porphyrosporus,,variety,(Zeller & F.D. Bailey) Wolfe
122090237,Boletus pinophilus,Boletus edulis fma. pinicola (Vittad.) Vassilkov,Boletus,edulis,,forma,(Vittad.) Vassilkov
122090237,Boletus pinophilus,Boletus edulis var. pinicola Vittad.,Boletus,edulis,,variety,Vittad.
122090237,Boletus pinophilus,Boletus pinicola (Vittad.) A. Venturi,Boletus,pinicola,(Vittad.) A. Venturi,,
122090240,Boletus reticulatus,Boletus aestivalis (Paulet) Fr.,Boletus,aestivalis,(Paulet) Fr.,,
122090240,Boletus reticulatus,Boletus carpinaceus Velen.,Boletus,carpinaceus,Velen.,,
122090240,Boletus reticulatus,Boletus edulis ssp. reticulatus (Schaeff.) Konrad & Maubl.,Boletus,edulis,,subspecies,(Schaeff.) Konrad & Maubl.
122090261,Calocybe gambosa,Agaricus gambosus Fr.,Agaricus,gambosus,Fr.,,
122090261,Calocybe gambosa,Calocybe georgii (L.) Kühner ex Kalamees,Calocybe,georgii,(L.) Kühner ex Kalamees,,
122090350,Cantharellula umbonata,Merulius umbonatus J.F.Gmel.,Merulius,umbonatus,J.F.Gmel.,,
122090350,Cantharellula umbonata,Cantharellus umbonatus (J.F. Gmel.) Pers.,Cantharellus,umbonatus,(J.F. Gmel.) Pers.,,
122090350,Cantharellula umbonata,Hygrophoropsis umbonata (J.F. Gmel.) Kühner & Romagn.,Hygrophoropsis,umbonata,(J.F. Gmel.) Kühner & Romagn.,,
122090466,Clitopilus prunulus,Agaricus prunulus Scop.,Agaricus,prunulus,Scop.,,
122090466,Clitopilus prunulus,Clitopilus orcella (Bull.) P. Kumm.,Clitopilus,orcella,(Bull.) P. Kumm.,,
122090475,Coprinus comatus,Agaricus comatus O.F.Müll.,Agaricus,comatus,O.F.Müll.,,
122090475,Coprinus comatus,Coprinus ovatus (Schaeff.) Fr.,Coprinus,ovatus,(Schaeff.) Fr.,,
122090475,Coprinus comatus,Agaricus cylindricus Sowerby,Agaricus,cylindricus,Sowerby,,
122090475,Coprinus comatus,Agaricus ovatus Schaeff.,Agaricus,ovatus,Schaeff.,,
122090482,Cortinarius caperatus,Agaricus caperatus Pers.,Agaricus,caperatus,Pers.,,
122090482,Cortinarius caperatus,Pholiota caperata (Pers.) Gillet,Pholiota,caperata,(Pers.) Gillet,,
122090482,Cortinarius caperatus,Rozites caperatus (Pers.) P. Karst.,Rozites,caperatus,(Pers.) P. Karst.,,
122090512,Flammulina velutipes,Agaricus velutipes Curtis,Agaricus,velutipes,Curtis,,
122090512,Flammulina velutipes,Collybia velutipes (Curtis) P. Kumm.,Collybia,velutipes,(Curtis) P. Kumm.,,
122090512,Flammulina velutipes,Myxocollybia velutipes (Curtis) Singer,Myxocollybia,velutipes,(Curtis) Singer,,
122090523,Gomphidius glutinosus,Agaricus glutinosus Schaeff.,Agaricus,glutinosus,Schaeff.,,
122090530,Gomphidius roseus,Agaricus glutinosus ß roseus Fr.,Agaricus,glutinosus ß roseus,Fr.,,
122090544,Hydnum repandum,Hydnum rufescens Schaeff.,Hydnum,rufescens,Schaeff.,,
122090547,Hygrophorus hypothejus,Agaricus hypothejus Fr.,Agaricus,hypothejus,Fr.,,
122090547,Hygrophorus hypothejus,Hygrophorus aureus Arrh.,Hygrophorus,aureus,Arrh.,,
122090547,Hygrophorus hypothejus,Limacium hypothejum (Fr.) P. Kumm.,Limacium,hypothejum,(Fr.) P. Kumm.,,
122090554,Hygrophorus olivaceoalbus,Agaricus olivaceoalbus Fr.,Agaricus,olivaceoalbus,Fr.,,
122090554,Hygrophorus olivaceoalbus,Limacium olivaceoalbum (Fr.) P. Kumm.,Limacium,olivaceoalbum,(Fr.) P. Kumm.,,
122090565,Hypholoma capnoides,Agaricus capnoides Fr. 1818,Agaricus,capnoides,Fr. 1818,,
122090565,Hypholoma capnoides,Geophila capnoides (Fr.) Quél.,Geophila,capnoides,(Fr.) Quél.,,
122090565,Hypholoma capnoides,Naematoloma capnoides (Fr.) P. Karst.,Naematoloma,capnoides,(Fr.) P. Karst.,,
122090565,Hypholoma capnoides,Psilocybe capnoides (Fr.) Noordel.,Psilocybe,capnoides,(Fr.) Noordel.,,
122090579,Kuehneromyces mutabilis,Agaricus mutabilis Schaeff.,Agaricus,mutabilis,Schaeff.,,
122090579,Kuehneromyces mutabilis,Galerina mutabilis (Schaeff.) P.D. Orton,Galerina,mutabilis,(Schaeff.) P.D. Orton,,
122090579,Kuehneromyces mutabilis,Pholiota mutabilis (Schaeff.) P. Kumm.,Pholiota,mutabilis,(Schaeff.) P. Kumm.,,
122090665,Lycoperdon perlatum,Lycoperdon gemmatum Batsch,Lycoperdon,gemmatum,Batsch,,
122090728,Russula claroflava,Russula constans Britzelm.,Russula,constans,Britzelm.,,
122090728,Russula claroflava,Russula flava Romell,Russula,flava,Romell,,
122090728,Russula claroflava,Russula flava var. pacifica Kauffman,Russula,flava,,variety,Kauffman
122090737,Russula decolorans,Agaricus decolorans Fr.,Agaricus,decolorans,Fr.,,
122090737,Russula decolorans,Russula rubriceps (Kauffman) Singer,Russula,rubriceps,(Kauffman) Singer,,
122090750,Russula vinosa,Russula obscura (Romell) Peck,Russula,obscura,(Romell) Peck,,
122090785,Suillus bovinus,Boletus bovinus L.,Boletus,bovinus,L.,,
122090785,Suillus bovinus,Ixocomus bovinus (L.) Quél.,Ixocomus,bovinus,(L.) Quél.,,
122090785,Suillus bovinus,Boletus congoensis (Beeli) Heinem.,Boletus,congoensis,(Beeli) Heinem.,,
122090798,Suillus granulatus,Boletus granulatus L.,Boletus,granulatus,L.,,
122090798,Suillus granulatus,Agaricus granulatus (L.) Lam.,Agaricus,granulatus,(L.) Lam.,,
122090798,Suillus granulatus,Boletus heterosporus (J. Blum) J. Blum,Boletus,heterosporus,(J. Blum) J. Blum,,
122090798,Suillus granulatus,Ixocomus granulatus (L.) Quél.,Ixocomus,granulatus,(L.) Quél.,,
122090798,Suillus granulatus,Suillus lactifluus (With.) A.H. Sm. & Thiers,Suillus,lactifluus,(With.) A.H. Sm. & Thiers,,
122090805,Suillus grevillei,Boletus grevillei Klotzsch,Boletus,grevillei,Klotzsch,,
122090805,Suillus grevillei,Suillus elegans (P. Karst.) Snell,Suillus,elegans,(P. Karst.) Snell,,
122090805,Suillus grevillei,Suillus proximus A.H. Sm. & Thiers,Suillus,proximus,A.H. Sm. & Thiers,,
122090805,Suillus grevillei,Boletus clintonianus Peck,Boletus,clintonianus,Peck,,
122090805,Suillus grevillei,Boletus elegans Schumach.,Boletus,elegans,Schumach.,,
122090805,Suillus grevillei,Suillus clintonianus (Peck) Kuntze,Suillus,clintonianus,(Peck) Kuntze,,
122090818,Suillus luteus,Boletus luteus  L.,Boletus,luteus ,L.,,
122090818,Suillus luteus,Ixocomus luteus (L.) Quél.,Ixocomus,luteus,(L.) Quél.,,
122090821,Suillus variegatus,Boletus variegatus Sw.,Boletus,variegatus,Sw.,,
122090821,Suillus variegatus,Boletus aureus Schaeff,Boletus,aureus,Schaeff,,
122090821,Suillus variegatus,Ixocomus variegatus (Sw.) Quél.,Ixocomus,variegatus,(Sw.) Quél.,,
125433334,Stereopsis humphreyi,Craterellus humphreyi Burt,Craterellus,humphreyi,Burt,,
125433585,Montagnea radiosa,Agaricus radiosus Pall.,Agaricus,radiosus,Pall.,,
125433663,Amanita caesarea,Agaricus caesareus Scop.,Agaricus,caesareus,Scop.,,
125433985,Galeropsis polytrichoides,Secotium polytrichoides Zeller,Secotium,polytrichoides,Zeller,,
125434218,Buchwaldoboletus lignicola,Boletus lignicola Kallenb.,Boletus,lignicola,Kallenb.,,
125434301,Boletinellus merulioides,Daedalea merulioides Schwein.,Daedalea,merulioides,Schwein.,,
125434301,Boletinellus merulioides,Boletinus merulioides (Schwein.) Coker & Beers,Boletinus,merulioides,(Schwein.) Coker & Beers,,
125434301,Boletinellus merulioides,Boletus merulioides (Schwein.) Murrill,Boletus,merulioides,(Schwein.) Murrill,,
125434301,Boletinellus merulioides,Gyrodon merulioides (Schwein.) Singer,Gyrodon,merulioides,(Schwein.) Singer,,
125434353,Calostoma insigne,Husseia insignis Berk.,Husseia,insignis,Berk.,,
125434446,Cortinarius ionochlorus,Cortinarius atrovirens subsp. ionochlorus Maire,Cortinarius,atrovirens,,subspecies (plantae),Maire
125435401,Bondarcevomyces taxi,Hapalopilus taxi Bondartsev,Hapalopilus,taxi,Bondartsev,,
126002848,Polyporus efibulatus,Dichomitus efibulatus A.M.Ainsw. &amp; Ryvarden,Dichomitus,efibulatus,A.M.Ainsw. &amp; Ryvarden,,
126002894,Cuphophyllus lepidopus,Hygrophorus lepidopus Rea,Hygrophorus,lepidopus,Rea,,
138329440,Imleria badia,Boletus badius (Fr.) Fr.,Boletus,badius,(Fr.) Fr.,,
138329440,Imleria badia,Boletus castaneus ß badius Fr.,Boletus,castaneus ß badius,Fr.,,
138329440,Imleria badia,Xerocomus badius (Fr.) E.-J. Gilbert,Xerocomus,badius,(Fr.) E.-J. Gilbert,,
138329440,Imleria badia,Boletus vaccinus Fr.,Boletus,vaccinus,Fr.,,
138329487,Boletus subalpinus,Gastroboletus subalpinus Trappe &amp; Thiers,Gastroboletus,subalpinus,Trappe &amp; Thiers,,
138329630,Lactarius rubidus,Lactarius fragilis var. rubidus Hesler & Smith,Lactarius,fragilis,,variety,Hesler & Smith
138330030,Suillus lakei,Boletus lakei Murrill,Boletus,lakei,Murrill,,
147129245,Arrhenia discorosea,Omphalia discorosea Pilát,Omphalia,discorosea,Pilát,,
147135428,Baeospora myriadophylla,Agaricus myriadophyllus Peck 1873,Agaricus,myriadophyllus,Peck 1873,,
147144928,Rubroboletus rhodoxanthus,Boletus sanguineus var. rhodoxanthus Krombh.,Boletus,sanguineus,,variety,Krombh.
147144928,Rubroboletus rhodoxanthus,Boletus rhodoxanthus (Krombh.) Kallenb.,Boletus,rhodoxanthus,(Krombh.) Kallenb.,,
147158431,Catathelasma imperiale,Armillaria imperialis P. Karst.,Armillaria,imperialis,P. Karst.,,
147837035,Cortinarius haasii,Phlegmacium arquatum var. haasii M.M. Moser,Phlegmacium,arquatum,,variety,M.M. Moser
147163725,Cystoderma carpaticum,Lepiota carpatica (M.M. Moser) M.M. Moser,Lepiota,carpatica,(M.M. Moser) M.M. Moser,,
147163725,Cystoderma carpaticum,Echinoderma carpaticum (M.M. Moser) E. Horak,Echinoderma,carpaticum,(M.M. Moser) E. Horak,,
147245319,Entoloma bloxamii,Agaricus bloxamii Berk. & Broome,Agaricus,bloxamii,Berk. & Broome,,
147278769,Entoloma griseocyaneum,Agaricus griseocyaneus Fr.,Agaricus,griseocyaneus,Fr.,,
147285942,Entoloma porphyrophaeum,Agaricus porphyrophaeus Fr.,Agaricus,porphyrophaeus,Fr.,,
147285942,Entoloma porphyrophaeum,Trichopilus porphyrophaeus (Fr.) P.D. Orton,Trichopilus,porphyrophaeus,(Fr.) P.D. Orton,,
147286059,Entoloma prunuloides,Agaricus prunuloides Fr.,Agaricus,prunuloides,Fr.,,
147295141,Flammulina ononidis,Flammulina velutipes (Curtis) Singer var. pratensis Schief.,Flammulina,velutipes,(Curtis) Singer,variety,Schief.
147295216,Flaviporus citrinellus,Antrodiella citrinella Niemelä & Ryvarden,Antrodiella,citrinella,Niemelä & Ryvarden,,
147296771,Microglossum atropurpureum,Clavaria atropurpurea Batsch,Clavaria,atropurpurea,Batsch,,
147296771,Microglossum atropurpureum,Microglossum atropurpureum (Pers.) Sacc,Microglossum,atropurpureum,(Pers.) Sacc,,
147296771,Microglossum atropurpureum,Geoglossum atropurpureum (Batsch) Pers.,Geoglossum,atropurpureum,(Batsch) Pers.,,
147321031,Cuphophyllus canescens,Hygrophorus canescens A.H. Sm. & Hesler,Hygrophorus,canescens,A.H. Sm. & Hesler,,
147321031,Cuphophyllus canescens,Hygrocybe canescens (A.H. Sm. &amp; Hesler) P.D. Orton,Hygrocybe,canescens,(A.H. Sm. &amp; Hesler) P.D. Orton,,
147321031,Cuphophyllus canescens,Camarophyllus canescens (A.H. Sm. & Hesler) Singer,Camarophyllus,canescens,(A.H. Sm. & Hesler) Singer,,
147321083,Cuphophyllus colemannianus,Hygrophorus colemannianus A. Bloxam,Hygrophorus,colemannianus,A. Bloxam,,
147321083,Cuphophyllus colemannianus,Hygrocybe colemanniana (A. Bloxam) P.D. Orton &amp; Watling,Hygrocybe,colemanniana,(A. Bloxam) P.D. Orton &amp; Watling,,
147321394,Cuphophyllus lacmus,Agaricus lacmus Schumach.,Agaricus,lacmus,Schumach.,,
147321394,Cuphophyllus lacmus,Hygrocybe lacmus (Schumach.) P.D. Orton &amp; Watling,Hygrocybe,lacmus,(Schumach.) P.D. Orton &amp; Watling,,
147321554,Neohygrocybe nitrata,Agaricus nitratus Pers.,Agaricus,nitratus,Pers.,,
147321554,Neohygrocybe nitrata,Hygrophorus nitratus (Pers.) Fr.,Hygrophorus,nitratus,(Pers.) Fr.,,
147321554,Neohygrocybe nitrata,Hygrocybe nitrata (Pers.) Wünsche,Hygrocybe,nitrata,(Pers.) Wünsche,,
147321622,Hygrocybe ovina,Agaricus ovinus Bull.,Agaricus,ovinus,Bull.,,
147321622,Hygrocybe ovina,Hygrocybe nitiosa (A. Blytt) M.M. Moser,Hygrocybe,nitiosa,(A. Blytt) M.M. Moser,,
147321720,Hygrocybe punicea,Agaricus puniceus Fr.,Agaricus,puniceus,Fr.,,
147321990,Hygrocybe splendidissima,Hygrophorus splendidissimus P.D. Orton,Hygrophorus,splendidissimus,P.D. Orton,,
147322131,Gloioxanthomyces vitellinus,Hygrophorus vitellinus Fr.,Hygrophorus,vitellinus,Fr.,,
147322131,Gloioxanthomyces vitellinus,Hygrocybe luteolaeta Arnolds,Hygrocybe,luteolaeta,Arnolds,,
147322131,Gloioxanthomyces vitellinus,Hygrocybe vitellina (Fr.) P. Karst.,Hygrocybe,vitellina,(Fr.) P. Karst.,,
147323466,Hygrophorus subviscifer,Agaricus subviscifer P. Karst.,Agaricus,subviscifer,P. Karst.,,
147430901,Laccaria maritima,Hygrophorus maritimus Theodor.,Hygrophorus,maritimus,Theodor.,,
147437401,Perenniporia medulla-panis,Boletus medulla-panis Jacq.,Boletus,medulla-panis,Jacq.,,
147440380,Pluteus fenzlii,Agaricus fenzlii Schulzer,Agaricus,fenzlii,Schulzer,,
147440473,Picipes rhizophilus,Polyporus cryptopus Ellis & Barthol.,Polyporus,cryptopus,Ellis & Barthol.,,
147440473,Picipes rhizophilus,Polyporus rhizophilus Pat.,Polyporus,rhizophilus,Pat.,,
147440473,Picipes rhizophilus,Polyporus rhizophilus Pat.,Polyporus,rhizophilus,Pat.,,
147440561,Pseudoplectania melaena,Pseudoplectania vogesiaca Seaver,Pseudoplectania,vogesiaca,Seaver,,
148050068,Resinoporia piceata,"Antrodia piceata Runnel, Spirin & Vlasák",Antrodia,piceata,"Runnel, Spirin & Vlasák",,
147533826,Sarcodontia crocea,Sistotrema croceum Schwein.,Sistotrema,croceum,Schwein.,,
148080667,Antrodia alpina,Poria alpina Litsch. 1939,Poria,alpina,Litsch. 1939,,
147535240,Stereopsis vitellina,Sistotrema vitellina S. Lundell,Sistotrema,vitellina,S. Lundell,,
147537697,Paraxerula caussei,Paraxerula caussei (Maire) R.H. Petersen,Paraxerula,caussei,(Maire) R.H. Petersen,,
147537697,Paraxerula caussei,Xerula caussei Maire,Xerula,caussei,Maire,,
125434807,Porpolomopsis calyptriformis,Agaricus calyptriformis Berk.,Agaricus,calyptriformis,Berk.,,
125434807,Porpolomopsis calyptriformis,Hygrocybe calyptriformis (Berk.) Fayod,Hygrocybe,calyptriformis,(Berk.) Fayod,,
125434807,Porpolomopsis calyptriformis,Porpolomopsis calyptriformis var. calyptriformis (Berk.) Bresinsky,Porpolomopsis,calyptriformis,,variety,(Berk.) Bresinsky
154219903,Abstoma purpureum,Catastoma purpurea Lloyd,Catastoma,purpurea,Lloyd,,
154237654,Chalciporus aurantiacus,Xerocomus aurantiacus McNabb,Xerocomus,aurantiacus,McNabb,,
154238045,Cortinarius nivalis,Thaxterogaster nivalis E. Horak,Thaxterogaster,nivalis,E. Horak,,
154238045,Cortinarius nivalis,Thaxterogaster nivale E. Horak,Thaxterogaster,nivale,E. Horak,,
154239294,Deconica baylisiana,Nivatogastrium baylisianum E. Horak,Nivatogastrium,baylisianum,E. Horak,,
154262736,Cortinarius crypticus,Gigasperma cryptica E. Horak,Gigasperma,cryptica,E. Horak,,
154263558,Gloeocantharellus dingleyae,Gomphus dingleyae Segedin,Gomphus,dingleyae,Segedin,,
154263558,Gloeocantharellus dingleyae,Gomphus dingleyi Segedin,Gomphus,dingleyi,Segedin,,
154276917,Hygrophoropsis umbriceps,Cantharellus umbriceps Cooke,Cantharellus,umbriceps,Cooke,,
154430456,Bondarzewia retipora,Polyporus retiporus Cooke,Polyporus,retiporus,Cooke,,
154439566,Oudemansiella turbinispora,Cribbea turbinispora P.S. Catches. &amp; T. Lebel,Cribbea,turbinispora,P.S. Catches. &amp; T. Lebel,,
154472574,Humidicutis arcohastata,Hygrocybe arcohastata A.M. Young,Hygrocybe,arcohastata,A.M. Young,,
154619291,Mycena flavovirens,Insiticia flavovirens (Sacc.) E. Horak,Insiticia,flavovirens,(Sacc.) E. Horak,,
154842883,Amanita xanthocephala,Agaricus xanthocephalus Berk.,Agaricus,xanthocephalus,Berk.,,
155279161,Boletus putidus,Tylopilus temucensis Palfner,Tylopilus,temucensis,Palfner,,
157150127,Laccariopsis mediterranea,Hydropus mediterraneus Pacioni & Lalli,Hydropus,mediterraneus,Pacioni & Lalli,,
157150127,Laccariopsis mediterranea,Laccariopsis mediterranea (Pacioni & Lalli) Vizzini,Laccariopsis,mediterranea,(Pacioni & Lalli) Vizzini,,
157150127,Laccariopsis mediterranea,Xerula mediterranea (Pacioni &amp; Lalli) Quadr. &amp; Lunghini,Xerula,mediterranea,(Pacioni &amp; Lalli) Quadr. &amp; Lunghini,,
163618381,Nothojafnea thaxteri,Peziza thaxteri E.K. Cash,Peziza,thaxteri,E.K. Cash,,
147144825,Alessioporus ichnusanus,"Xerocomus ichnusanus Alessio, Galli & Littini, in Alessio 1984",Xerocomus,ichnusanus,"Alessio, Galli & Littini, in Alessio 1984",,
147144825,Alessioporus ichnusanus,"Boletus ichnusanus (Alessio, Galli &amp; Littini) Oolbekk.",Boletus,ichnusanus,"(Alessio, Galli &amp; Littini) Oolbekk.",,
172734196,Cortinarius carneoroseus,Thaxterogaster carneoroseus E. Horak,Thaxterogaster,carneoroseus,E. Horak,,
172734366,Cortinarius dombeyi,Thaxterogaster dombeyi Singer,Thaxterogaster,dombeyi,Singer,,
172734379,Cortinarius holojanthinus,Thaxterogaster violaceus Singer,Thaxterogaster,violaceus,Singer,,
172734379,Cortinarius holojanthinus,Cortinarius olorinus (E. Horak) Peintner & M.M. Moser,Cortinarius,olorinus,(E. Horak) Peintner & M.M. Moser,,
172734379,Cortinarius holojanthinus,Thaxterogaster olorinum E. Horak,Thaxterogaster,olorinum,E. Horak,,
172734416,Cortinarius sphaerocephalus,Thaxterogaster sphaerocephalus E. Horak & M.M. Moser,Thaxterogaster,sphaerocephalus,E. Horak & M.M. Moser,,
172734855,Aleurina echinata,Jafneadelphus echinatus Gamundí,Jafneadelphus,echinatus,Gamundí,,
172735856,Geomorium fuegianum,Helvella fuegiana (Speg.) Eckblad,Helvella,fuegiana,(Speg.) Eckblad,,
172735856,Geomorium fuegianum,Underwoodia fuegiana (Speg.) Gamundí,Underwoodia,fuegiana,(Speg.) Gamundí,,
172739173,Xylodon crassisporus,Hyphodontia crassispora Gresl. & Rajchenb.,Hyphodontia,crassispora,Gresl. & Rajchenb.,,
172740223,Entoloma chilense,Rhodogaster chilensis E. Horak,Rhodogaster,chilensis,E. Horak,,
172740274,Ramaria patagonica,Clavaria patagonica Speg.,Clavaria,patagonica,Speg.,,
172740274,Ramaria patagonica,Clavulinopsis patagonica (Speg.) Corner,Clavulinopsis,patagonica,(Speg.) Corner,,
172740512,Austroboletus festivus,Porphyrellus festivus Singer,Porphyrellus,festivus,Singer,,
172740593,Cantharellus guyanensis,Merulius guyanensis (Mont.) Kuntze,Merulius,guyanensis,(Mont.) Kuntze,,
172741455,Rickenella minuta,Armillariella minuta Singer & Digilio,Armillariella,minuta,Singer & Digilio,,
172741455,Rickenella minuta,Gerronema minutum (Singer) Singer & Digilio,Gerronema,minutum,(Singer) Singer & Digilio,,
172742034,Fomitiporia bambusarum,Phellinus bambusarum (Rick) M.J. Larsen,Phellinus,bambusarum,(Rick) M.J. Larsen,,
172742034,Fomitiporia bambusarum,Phellinus rickianus J.E. Wright & J.R. Deschamps,Phellinus,rickianus,J.E. Wright & J.R. Deschamps,,
172742034,Fomitiporia bambusarum,Poria bambusarum Rick,Poria,bambusarum,Rick,,
172742517,Fistulina antarctica,Fistulina hepatica (Schaeff.) With. var. antarctica (Speg.) J.E. Wright,Fistulina,hepatica,(Schaeff.) With.,variety,(Speg.) J.E. Wright
172817975,Aegis luteocontexta,Antrodiella luteocontexta Ryvarden & de Meijer,Antrodiella,luteocontexta,Ryvarden & de Meijer,,
172817975,Aegis luteocontexta,"Trametopsis luteocontexta (Ryvarden & de Meijer) Gómez-Mont., Robledo & Drechsler-Santos",Trametopsis,luteocontexta,"(Ryvarden & de Meijer) Gómez-Mont., Robledo & Drechsler-Santos",,
172818155,Meruliopsis cystidiata,Gloeoporus cystidiatus Ryvarden,Gloeoporus,cystidiatus,Ryvarden,,
172818155,Meruliopsis cystidiata,"Gloeoporus guerreroanus G. Coelho, R.M. Silveira & Rajchenb.",Gloeoporus,guerreroanus,"G. Coelho, R.M. Silveira & Rajchenb.",,
172818281,Rickiella edulis,Peziza edulis Speg.,Peziza,edulis,Speg.,,
172818281,Rickiella edulis,Rickiella transiens Syd. & P. Syd. ex Rick,Rickiella,transiens,Syd. & P. Syd. ex Rick,,
172818379,Descolea brunnea,Setchelliogaster brunneus (Horak) Sing.,Setchelliogaster,brunneus,(Horak) Sing.,,
172818379,Descolea brunnea,Thaxterogaster squamatus Halling,Thaxterogaster,squamatus,Halling,,
172818379,Descolea brunnea,Cortinarius squamatus (Halling) Peintner & M.M. Moser,Cortinarius,squamatus,(Halling) Peintner & M.M. Moser,,
172818379,Descolea brunnea,Hypogaea brunnea Horak,Hypogaea,brunnea,Horak,,
172818379,Descolea brunnea,Hymenogaster albellus sensu Dodge & Zeller,Hymenogaster,albellus,sensu Dodge & Zeller,,
172831155,Cuphophyllus adonis,Camarophyllus adonis Singer,Camarophyllus,adonis,Singer,,
172831155,Cuphophyllus adonis,Hygrocybe adonis (Singer) Boertm.,Hygrocybe,adonis,(Singer) Boertm.,,
172831169,Russula depauperata,Cystangium depauperatum Singer & A.H. Sm.,Cystangium,depauperatum,Singer & A.H. Sm.,,
172831169,Russula depauperata,Elasmomyces nothofagi E. Horak,Elasmomyces,nothofagi,E. Horak,,
172831169,Russula depauperata,Russula nothofagi (E. Horak) Trappe & T.F. Elliott,Russula,nothofagi,(E. Horak) Trappe & T.F. Elliott,,
172831169,Russula depauperata,"Cystangium nothofagi (E. Horak) Trappe, T. Lebel & Castellano",Cystangium,nothofagi,"(E. Horak) Trappe, T. Lebel & Castellano",,
172832620,Hallingea purpurea,Hysterangium purpureum Zeller & C.W. Dodge,Hysterangium,purpureum,Zeller & C.W. Dodge,,
172832924,Pseudotulostoma volvatum,Pseudotulostoma volvata [orth. err.] O.K. Mill. & T.W. Henkel,Pseudotulostoma,volvata [orth. err.],O.K. Mill. & T.W. Henkel,,
172833086,Austropaxillus statuum,Agaricus statuum Speg.,Agaricus,statuum,Speg.,,
172833086,Austropaxillus statuum,Flammula statuum (Speg.) Sacc.,Flammula,statuum,(Speg.) Sacc.,,
172833086,Austropaxillus statuum,Paxillus statuum (Speg.) E. Horak,Paxillus,statuum,(Speg.) E. Horak,,
172833086,Austropaxillus statuum,Phylloporus statuum (Speg.) Pegler & T.W.K. Young,Phylloporus,statuum,(Speg.) Pegler & T.W.K. Young,,
172833086,Austropaxillus statuum,Paxillus defibulatus Singer var. unicolor Singer,Paxillus,defibulatus,Singer,variety,Singer
172834122,Psathyloma psathyrelloides,Pholiota psathyrelloides Singer,Pholiota,psathyrelloides,Singer,,
172834683,Nothophellinus andinopatagonicus,Phellinus andinopatagonicus (J.E. Wright & J.R. Deschamps) Ryvarden,Phellinus,andinopatagonicus,(J.E. Wright & J.R. Deschamps) Ryvarden,,
172834683,Nothophellinus andinopatagonicus,Pyrrhoderma andinopatagonicum J.E. Wright & J.R. Deschamps,Pyrrhoderma,andinopatagonicum,J.E. Wright & J.R. Deschamps,,
175708768,Texosporium sancti-jacobi,Cyphelium sancti-jacobi (Tuck.) Zahlbr.,Cyphelium,sancti-jacobi,(Tuck.) Zahlbr.,,
175708768,Texosporium sancti-jacobi,Acolium sancti-jacobi Tuck.,Acolium,sancti-jacobi,Tuck.,,
175708981,Chaenothecopsis oregana,Chaenothecopsis zebrina Rikkinen & Tuovila,Chaenothecopsis,zebrina,Rikkinen & Tuovila,,
175709575,Bryoria fremontii,Alectoria fremontii Tuck.,Alectoria,fremontii,Tuck.,,
175709575,Bryoria fremontii,Alectoria jubata (L.) Ach.,Alectoria,jubata,(L.) Ach.,,
175710010,Seirophora aurantiaca,Xanthaptychia aurantiaca (R. Br.) S.Y. Kondr. &amp; Ravera,Xanthaptychia,aurantiaca,(R. Br.) S.Y. Kondr. &amp; Ravera ,,
175710010,Seirophora aurantiaca,Borrera aurantiaca R. Br.,Borrera,aurantiaca,R. Br.,,
175710010,Seirophora aurantiaca,Teloschistes arcticus Zahlbr.,Teloschistes,arcticus,Zahlbr.,,
175710010,Seirophora aurantiaca,Xanthoanaptychia arctica (Zahlbr.) S.Y. Kondr. & Kärnefelt,Xanthoanaptychia,arctica,(Zahlbr.) S.Y. Kondr. & Kärnefelt,,
176460743,Thecaphora melandrii,Sorosporium melandryi Syd.,Sorosporium,melandryi,Syd.,,
76267712,Tricholoma matsutake,Armillaria matsutake S.Ito & S.Imai,Armillaria,matsutake,S.Ito & S.Imai,,
58514773,Ophiocordyceps sinensis,Sphaeria sinensis Berk.,Sphaeria,sinensis,Berk.,,
58514773,Ophiocordyceps sinensis,Cordyceps sinensis (Berk.) Sacc.,Cordyceps,sinensis,(Berk.) Sacc.,,
180096947,Flavoparmelia caperata,Lichen caperatus L.,Lichen,caperatus,L.,,
180096947,Flavoparmelia caperata,Pseudoparmelia caperata (L.) Hale,Pseudoparmelia,caperata,(L.) Hale,,
180096947,Flavoparmelia caperata,Parmelia caperata (L.) Acharius,Parmelia,caperata,(L.) Acharius,,
71597387,Hypotrachyna virginica,Parmelia virginica Hale,Parmelia,virginica,Hale,,
180875146,Lepra andersoniae,Pertusaria andersoniae Lendemer,Pertusaria,andersoniae,Lendemer,,
180875146,Lepra andersoniae,Pertusaria andersonii [orth. err.] Lendemer,Pertusaria,andersonii [orth. err.],Lendemer,,
183335302,Cladonia submitis,Cladina submitis (A. Evans) Hale & W.L. Culb.,Cladina,submitis,(A. Evans) Hale & W.L. Culb.,,
95383414,Biscogniauxia bartholomaei,Numulariola bartholomaei (Peck) P.M.D.Martin,Numulariola,bartholomaei,(Peck) P.M.D.Martin,,
95383414,Biscogniauxia bartholomaei,Nummularia bartholomaei  (Peck) Lar.N.Vassiljeva,Nummularia,bartholomaei ,(Peck) Lar.N.Vassiljeva,,
95383414,Biscogniauxia bartholomaei,Hypoxylon bartholomaei Peck,Hypoxylon,bartholomaei,Peck,,
58517228,Poronia punctata,Peziza punctata L.,Peziza,punctata,L.,,
187000558,Amauroderma renidens,Fomes renidens (Bres.) Sacc. & P. Syd.,Fomes,renidens,(Bres.) Sacc. & P. Syd.,,
187000558,Amauroderma renidens,Ganoderma renidens Bres.,Ganoderma,renidens,Bres.,,
194660372,Bulbothrix confoederata,Parmelia confoederata W.L. Culb.,Parmelia,confoederata,W.L. Culb.,,
194660573,Parmelia saxatilis,Geissodea saxatilis (L.) J. St.-Hil.,Geissodea,saxatilis,(L.) J. St.-Hil.,,
194660573,Parmelia saxatilis,Imbricaria saxatilis (L.) Körb.,Imbricaria,saxatilis,(L.) Körb.,,
194660573,Parmelia saxatilis,Lichen saxatilis L.,Lichen,saxatilis,L.,,
194660573,Parmelia saxatilis,Parmotrema saxatile (L.) M. Choisy,Parmotrema,saxatile,(L.) M. Choisy,,
194660573,Parmelia saxatilis,Platysma saxatile (L.) Frege,Platysma,saxatile,(L.) Frege,,
194660719,Parmeliopsis ambigua,Foraminella ambigua (Hoffm.) S.L.F. Mey.,Foraminella,ambigua,(Hoffm.) S.L.F. Mey.,,
194660719,Parmeliopsis ambigua,Lichen ambiguus Wulfen,Lichen,ambiguus,Wulfen,,
194660719,Parmeliopsis ambigua,Lobaria ambigua (Hoffm.) Hoffm.,Lobaria,ambigua,(Hoffm.) Hoffm.,,
194660719,Parmeliopsis ambigua,Parmelia ambigua (Hoffm.) Ach.,Parmelia,ambigua,(Hoffm.) Ach.,,
194660719,Parmeliopsis ambigua,Parmelia viridosoredians Elix,Parmelia,viridosoredians,Elix,,
194660719,Parmeliopsis ambigua,Placodium ambiguum (Hoffm.) Frege,Placodium,ambiguum,(Hoffm.) Frege,,
194660719,Parmeliopsis ambigua,Squamaria ambigua Hoffm.,Squamaria,ambigua,Hoffm.,,
194660868,Parmeliopsis hyperopta,Foraminella hyperopta (Ach.) S.L.F. Mey.,Foraminella,hyperopta,(Ach.) S.L.F. Mey.,,
194660868,Parmeliopsis hyperopta,Imbricaria hyperopta (Ach.) Körb.,Imbricaria,hyperopta,(Ach.) Körb.,,
194660868,Parmeliopsis hyperopta,Parmelia hyperopta Ach.,Parmelia,hyperopta,Ach.,,
194661476,Parmotrema crinitum,Imbricaria crinita (Ach.) Arnold,Imbricaria,crinita,(Ach.) Arnold,,
194661476,Parmotrema crinitum,Imbricaria proboscidea (Taylor) Jatta,Imbricaria,proboscidea,(Taylor) Jatta,,
194661476,Parmotrema crinitum,Parmelia crinita Ach.,Parmelia,crinita,Ach.,,
194661476,Parmotrema crinitum,Parmelia proboscidea Taylor,Parmelia,proboscidea,Taylor,,
194661476,Parmotrema crinitum,Parmelia pilosella Hue,Parmelia,pilosella,Hue,,
194661476,Parmotrema crinitum,Parmelia schweinfurthii Müll. Arg.,Parmelia,schweinfurthii,Müll. Arg.,,
194661476,Parmotrema crinitum,Parmelia tuckermanii Du Rietz,Parmelia,tuckermanii,Du Rietz,,
194661476,Parmotrema crinitum,Parmelia arechavaletae Müll. Arg.,Parmelia,arechavaletae,Müll. Arg.,,
194661476,Parmotrema crinitum,Parmelia excrescens (Arnold) Hay,Parmelia,excrescens,(Arnold) Hay,,
194661476,Parmotrema crinitum,Parmelia pseudocatharinensis Gyelnik.,Parmelia,pseudocatharinensis,Gyelnik.,,
194661476,Parmotrema crinitum,Parmelia catharinensis Müll. Arg. fma. isidiosa Müll. Arg.,Parmelia,catharinensis,Müll. Arg.,forma,Müll. Arg.
194661476,Parmotrema crinitum,Parmelia chloropcarpa Müll. Arg.,Parmelia,chloropcarpa,Müll. Arg.,,
194661476,Parmotrema crinitum,Parmelia pilosella Hue fma. excrescens Hue,Parmelia,pilosella,Hue,forma,Hue
194661553,Parmotrema hypotropum,Parmelia hypotropa Nyl.,Parmelia,hypotropa,Nyl.,,
194661584,Parmotrema perforatum,Imbricaria perforata (Jacq.) Körb.,Imbricaria,perforata,(Jacq.) Körb.,,
194661584,Parmotrema perforatum,Lichen perforatus Jacq.,Lichen,perforatus,Jacq.,,
194661584,Parmotrema perforatum,Lobaria perforata (Jacq.) Michx.,Lobaria,perforata,(Jacq.) Michx.,,
194661584,Parmotrema perforatum,Parmelia perforata (Jacq.) Ach.,Parmelia,perforata,(Jacq.) Ach.,,
194661584,Parmotrema perforatum,Platisma perforatum (Jacq.) Hoffm.,Platisma,perforatum,(Jacq.) Hoffm.,,
194662208,Canoparmelia caroliniana,Parmelia caroliniana Nyl.,Parmelia,caroliniana,Nyl.,,
194662208,Canoparmelia caroliniana,Pseudoparmelia caroliniana (Nyl.) Hale,Pseudoparmelia,caroliniana,(Nyl.) Hale,,
194662208,Canoparmelia caroliniana,Canoparmelia amabilis Heiman & Elix,Canoparmelia,amabilis,Heiman & Elix,,
194662214,Flavoparmelia baltimorensis,Parmelia baltimorensis Gyeln. & Fóriss,Parmelia,baltimorensis,Gyeln. & Fóriss,,
194662214,Flavoparmelia baltimorensis,Pseudoparmelia baltimorensis (Gyeln. & Fóriss) Hale,Pseudoparmelia,baltimorensis,(Gyeln. & Fóriss) Hale,,
194662493,Melanohalea halei,Parmelia halei Ahti,Parmelia,halei,Ahti,,
194662493,Melanohalea halei,Melanelia halei (Ahti) Essl.,Melanelia,halei,(Ahti) Essl.,,
172833039,Stephanospora chilensis,Octaviania chilensis E. Horak,Octaviania,chilensis,E. Horak,,
195924796,Chroogomphus albipes,Secotium albipes Zeller,Secotium,albipes,Zeller,,
195924796,Chroogomphus albipes,Brauniellula albipes (Zeller) A.H. Sm. & Singer,Brauniellula,albipes,(Zeller) A.H. Sm. & Singer,,
195924796,Chroogomphus albipes,Brauniellula nancyae A.H. Sm. & Singer,Brauniellula,nancyae,A.H. Sm. & Singer,,
195923620,Caloboletus rubripes,Boletus rubripes Thiers,Boletus,rubripes,Thiers,,
195922746,Rubroboletus eastwoodiae,Suillellus eastwoodiae Murrill,Suillellus,eastwoodiae,Murrill,,
195922746,Rubroboletus eastwoodiae,Tubiporus eastwoodiae (Murrill) S. Imai,Tubiporus,eastwoodiae,(Murrill) S. Imai,,
195922746,Rubroboletus eastwoodiae,Boletus eastwoodiae (Murrill) Sacc. & Trotter,Boletus,eastwoodiae,(Murrill) Sacc. & Trotter,,
195922169,Lactarius saylorii,Arcangeliella saylorii Thiers,Arcangeliella,saylorii,Thiers,,
195922169,Lactarius saylorii,Gastrolactarius saylorii (Thiers) J.M. Vidal,Gastrolactarius,saylorii,(Thiers) J.M. Vidal,,
195921742,Albatrellopsis flettii,Polypilus flettii (Morse ex Pouzar) Teixeira,Polypilus,flettii,(Morse ex Pouzar) Teixeira,,
195921742,Albatrellopsis flettii,Polyporus flettii Morse,Polyporus,flettii,Morse,,
195921742,Albatrellopsis flettii,Albatrellus flettii Morse ex Pouzar,Albatrellus,flettii,Morse ex Pouzar,,
195923236,Aureoboletus mirabilis,Boletellus mirabilis (Murrill) Singer,Boletellus,mirabilis,(Murrill) Singer,,
195923236,Aureoboletus mirabilis,Boletus mirabilis (Murrill) Murrill,Boletus,mirabilis,(Murrill) Murrill,,
195923236,Aureoboletus mirabilis,Ceriomyces mirabilis Murrill,Ceriomyces,mirabilis,Murrill,,
195923236,Aureoboletus mirabilis,Xerocomus mirabilis (Murrill) Singer,Xerocomus,mirabilis,(Murrill) Singer,,
195923236,Aureoboletus mirabilis,Heimioporus mirabilis (Murrill) E. Horak,Heimioporus,mirabilis,(Murrill) E. Horak,,
195922611,Cantharellus roseocanus,"Cantharellus cibarius var. roseocanus Redhead, Norvell & Danell",Cantharellus,cibarius,,variety,"Redhead, Norvell & Danell"
195923402,Aureoboletus flaviporus,Boletus flaviporus Earle,Boletus,flaviporus,Earle,,
195923402,Aureoboletus flaviporus,Ceriomyces flaviporus (Earle) Murrill,Ceriomyces,flaviporus,(Earle) Murrill,,
195923402,Aureoboletus flaviporus,Pulveroboletus flaviporus (Earle) Singer,Pulveroboletus,flaviporus,(Earle) Singer,,
195923402,Aureoboletus flaviporus,Xerocomus flaviporus (Earle) Singer,Xerocomus,flaviporus,(Earle) Singer,,
195924337,Gomphus bonarii,Cantharellus bonarii Morse,Cantharellus,bonarii,Morse,,
195922802,Rubroboletus haematinus,Boletus haematinus Halling,Boletus,haematinus,Halling,,
196135662,Cinereomyces dilutabilis,Diplomitoporus dilutabilis Log.-Leite & J.E. Wright,Diplomitoporus,dilutabilis,Log.-Leite & J.E. Wright,,
196135960,Skeletocutis roseola,Polystictus roseolus Rick ex Theiss.,Polystictus,roseolus,Rick ex Theiss.,,
198482194,Gymnopilus punctifolius,Cortinarius punctifolius Peck,Cortinarius,punctifolius,Peck,,
198482194,Gymnopilus punctifolius,Flammula punctifolius (Peck) A.H. Sm.,Flammula,punctifolius,(Peck) A.H. Sm.,,
198481056,Xerocomellus mendocinensis,Boletus mendocinensis Thiers,Boletus,mendocinensis,Thiers,,
198480129,Turbinellus kauffmanii,Cantharellus kauffmanii A.H. Sm.,Cantharellus,kauffmanii,A.H. Sm.,,
198480129,Turbinellus kauffmanii,Gomphus kauffmanii (A.H. Sm.) Corner,Gomphus,kauffmanii,(A.H. Sm.) Corner,,
198479041,Suillus pseudobrevipes,Suillus volcanalis Thiers,Suillus,volcanalis,Thiers,,
198485681,Schenella simplex,Pyrenogaster atroglebus (Zeller) L.S. Domínguez & Castellano,Pyrenogaster,atroglebus,(Zeller) L.S. Domínguez & Castellano,,
198485681,Schenella simplex,Radiigera atrogleba Zeller,Radiigera,atrogleba,Zeller,,
198480035,Rhizopogon olivaceotinctus,Alpova olivaceotinctus (A.H. Sm.) Trappe,Alpova,olivaceotinctus,(A.H. Sm.) Trappe,,
198477726,Gomphidius subroseus,Leucogomphidius subroseus (Kauffman) Kotl. & Pouzar,Leucogomphidius,subroseus,(Kauffman) Kotl. & Pouzar,,
198481706,Atheniella aurantiidisca,Mycena aurantiidisca (Murrill) Murrill,Mycena,aurantiidisca,(Murrill) Murrill,,
198481706,Atheniella aurantiidisca,Prunulus aurantiidiscus Murrill,Prunulus,aurantiidiscus,Murrill,,
198477478,Amanita ocreata,Venenarius ocreatus (Peck) Murrill,Venenarius,ocreatus,(Peck) Murrill,,
198480944,Suillellus amygdalinus,Boletus amygdalinus Thiers,Boletus,amygdalinus,Thiers,,
198480944,Suillellus amygdalinus,Boletus puniceus Thiers,Boletus,puniceus,Thiers,,
198479296,Suillus punctatipes,Boletinus punctatipes Snell & E.A. Dick,Boletinus,punctatipes,Snell & E.A. Dick,,
198479957,Leucogaster citrinus,Leucophleps citrina Harkn.,Leucophleps,citrina,Harkn.,,
198479622,Gastroboletus ruber,Truncocolumella rubra Zeller,Truncocolumella,rubra,Zeller,,
198477619,Gomphidius oregonensis,Leucogomphidius oregonensis (Peck) Kotl. & Pouzar,Leucogomphidius,oregonensis,(Peck) Kotl. & Pouzar,,
198477782,Gomphidius smithii,Leucogomphidius smithii (Singer) Kotl. & Pouzar,Leucogomphidius,smithii,(Singer) Kotl. & Pouzar,,
198479245,Suillus ponderosus,Suillus imitatus A.H. Sm. & Thiers var. viridescens A.H. Sm. & Trappe,Suillus,imitatus,A.H. Sm. & Thiers,variety,A.H. Sm. & Trappe
198480898,Stropharia ambigua,Hypholoma ambiguum Peck,Hypholoma,ambiguum,Peck,,
198482000,Mycolevis sicciglebus,Mycolevis siccigleba [orth. err.] A.H. Sm.,Mycolevis,siccigleba [orth. err.],A.H. Sm.,,
198623289,Cantharellus minor,Merulius minor (Peck) Kuntze,Merulius,minor,(Peck) Kuntze,,
198622914,Cantharellus cinnabarinus,Agaricus cinnabarinus Schwein.,Agaricus,cinnabarinus,Schwein.,,
198622914,Cantharellus cinnabarinus,Chanterel cinnabarinus (Schwein.) Murrill,Chanterel,cinnabarinus,(Schwein.) Murrill,,
198622914,Cantharellus cinnabarinus,Hygrophorus cinnabarinus (Schwein.) Sacc.,Hygrophorus,cinnabarinus,(Schwein.) Sacc.,,
198622914,Cantharellus cinnabarinus,Mastocephalus cinnabarinus (Schwein.) Kuntze,Mastocephalus,cinnabarinus,(Schwein.) Kuntze,,
198623208,Cantharellus lateritius,Craterellus lateritius Berk.,Craterellus,lateritius,Berk.,,
198623208,Cantharellus lateritius,Thelephora cantharella Schwein.,Thelephora,cantharella,Schwein.,,
198623208,Cantharellus lateritius,Trombetta lateritia (Berk.) Kuntze,Trombetta,lateritia,(Berk.) Kuntze,,
175709748,Mobergia calculiformis,Rinodina calculiformis W.A. Weber,Rinodina,calculiformis,W.A. Weber,,
175710031,Teloschistes peruensis,Borrera pubera Ach. var. peruensis Ach.,Borrera,pubera,Ach.,variety,Ach.
196135502,Cymatoderma sclerotioides,Stereum sclerotioides Lloyd,Stereum,sclerotioides,Lloyd,,
70401726,Buglossoporus quercinus,Boletus quercinus Schrad.,Boletus,quercinus,Schrad.,,
70401726,Buglossoporus quercinus,Piptoporus quercinus (Schrad.) P.Karst.,Piptoporus,quercinus,(Schrad.) P.Karst.,,
204091938,Cortinarius elegantissimus,Cortinarius aurantioturbinatus Secr. ex J.E. Lange,Cortinarius,aurantioturbinatus,Secr. ex J.E. Lange,,
204091740,Calocybe favrei,Lyophyllum favrei (R. Haller Aar. & R. Haller Suhr) R. Haller Aar. & R. Haller Suhr,Lyophyllum,favrei,(R. Haller Aar. & R. Haller Suhr) R. Haller Aar. & R. Haller Suhr,,
204091740,Calocybe favrei,Tricholoma favrei R. Haller Aar. & R. Haller Suhr,Tricholoma,favrei,R. Haller Aar. & R. Haller Suhr,,
147297001,Geoglossum difforme,Geoglossum peckianum Cooke,Geoglossum,peckianum,Cooke,,
209595320,Atroporus diabolicus,Polyporus vernicosus Berk.,Polyporus,vernicosus,Berk.,,
209595320,Atroporus diabolicus,Polyporus diabolicus Berk.,Polyporus,diabolicus,Berk.,,
209595557,Ophiocordyceps ainictos,Cordyceps ainictos Möller,Cordyceps,ainictos,Möller,,
